color	adjective	init_x	init_y	final_x	final_y	rt	index	trial_num	neither_vs_both	viz_vs_ling	catch_score
black	active	690.0	50.0	238.5	229.0	5090.733333349072	59.5	51.333333333333336	0.5467226975693151	0.5955200329360927	5.756221661710653
black	aggressive	690.0	50.0	242.33333333333334	228.16666666666666	4569.100000013442	50.5	48.166666666666664	0.554773869840124	0.5572863540293868	5.756221661710653
black	alive	690.0	50.0	186.28571428571428	226.85714285714286	5079.242857170025	64.85714285714286	56.214285714285715	0.4066892984097163	0.5474284708758026	5.810356430067012
black	angry	690.0	50.0	231.15384615384616	217.3846153846154	5502.823076910339	49.46153846153846	63.61538461538461	0.5314030230174553	0.585132297300713	5.8523498764039665
black	calm	690.0	50.0	203.76923076923077	175.07692307692307	5640.623076920147	40.46153846153846	43.15384615384615	0.45555539318343946	0.41272285275596754	5.8523498764039665
black	clean	690.0	50.0	132.0	197.92307692307693	5487.123076923048	60.53846153846154	44.53846153846154	0.2983826161185781	0.4051561959939016	5.819308760830007
black	cold	690.0	50.0	282.38461538461536	258.6923076923077	6628.953846170066	42.53846153846154	53.84615384615385	0.6422336408608357	0.5741820868120555	5.819308760830007
black	dead	690.0	50.0	291.7857142857143	166.0	5778.550000048775	73.85714285714286	54.642857142857146	0.6520656058804749	0.3530677494014035	5.810356430067012
black	dirty	690.0	50.0	272.61538461538464	116.15384615384616	5408.799999981546	69.53846153846153	43.38461538461539	0.6092959837349184	0.1988558818116857	5.819308760830007
black	dislike	690.0	50.0	303.3076923076923	250.69230769230768	5007.284615389295	40.46153846153846	64.38461538461539	0.6807024331851242	0.5738179345822606	5.8127199475408124
black	dull	690.0	50.0	288.3333333333333	227.33333333333334	4640.733333480824	46.2	54.266666666666666	0.6526515774279658	0.5833707551854964	5.895768869761429
black	exciting	690.0	50.0	217.06666666666666	286.53333333333336	6029.873333297391	37.2	51.13333333333333	0.48754929131260305	0.6911912739509928	5.895768869761429
black	fast	690.0	50.0	212.06666666666666	207.26666666666668	5867.446666565786	73.2	47.93333333333333	0.47421011352847575	0.4971758938631189	5.895768869761429
black	fresh	690.0	50.0	165.69230769230768	187.0	6157.376923062982	76.46153846153847	62.53846153846154	0.35430208736645763	0.4034905120504773	5.8523498764039665
black	happy	690.0	50.0	173.15384615384616	274.2307692307692	5577.976923091767	67.46153846153847	55.92307692307692	0.38120431115251385	0.6176838444116005	5.8127199475408124
black	hard	690.0	50.0	268.1333333333333	268.4	4737.053333404412	64.2	60.2	0.6084904722836415	0.6561626642819572	5.895768869761429
black	heavy	690.0	50.0	241.76923076923077	233.30769230769232	4438.3461539132095	39.53846153846154	68.6923076923077	0.5382764254028799	0.5856198006998966	5.809365036067698
black	hot	690.0	50.0	136.15384615384616	209.92307692307693	5459.100000004929	51.53846153846154	64.61538461538461	0.3043603108591651	0.43040654477871354	5.819308760830007
black	jealous	690.0	50.0	174.3846153846154	293.0	5544.923076946432	33.53846153846154	52.84615384615385	0.3924590997118735	0.6888260177399121	5.819308760830007
black	light	690.0	50.0	214.07142857142858	205.28571428571428	5325.535714307401	28.857142857142858	65.92857142857143	0.4723673751535061	0.49425659438664954	5.810356430067012
black	like	690.0	50.0	165.92307692307693	231.23076923076923	5270.553846177144	78.53846153846153	48.92307692307692	0.37596284228552646	0.521771501452402	5.819308760830007
black	new	690.0	50.0	197.92307692307693	207.23076923076923	3875.0384615380317	49.46153846153846	52.61538461538461	0.43892583109946426	0.47937775753133505	5.8127199475408124
black	old	690.0	50.0	199.6153846153846	206.3846153846154	5170.299999972232	58.46153846153846	52.0	0.4441487229877198	0.4503057463310531	5.8127199475408124
black	passive	690.0	50.0	256.5833333333333	259.5	4996.358333306077	68.5	57.916666666666664	0.5751714278122547	0.6158256978895954	5.756221661710653
black	relaxed	690.0	50.0	161.14285714285714	279.0	4281.8714286190225	46.857142857142854	55.642857142857146	0.3509184417161727	0.6845926623105557	5.810356430067012
black	ripe	690.0	50.0	210.3846153846154	167.84615384615384	6378.146153849585	58.46153846153846	52.38461538461539	0.46764196385987417	0.3614797644084078	5.8523498764039665
black	sad	690.0	50.0	285.3076923076923	244.30769230769232	6219.392307675802	76.46153846153847	47.61538461538461	0.6357825783778417	0.5571404738215817	5.8127199475408124
black	selfless	690.0	50.0	189.41666666666666	239.33333333333334	5657.008333348048	77.5	62.833333333333336	0.4163115828659836	0.5843358140456324	5.756221661710653
black	slow	690.0	50.0	204.6	191.4	5740.846666473057	82.2	49.6	0.45398003286701655	0.40033633717301986	5.895768869761429
black	soft	690.0	50.0	232.73333333333332	257.2	5352.546666760836	55.2	62.333333333333336	0.5220380230146209	0.662632614239614	5.895768869761429
black	stale	690.0	50.0	164.0	192.5	5579.225000027567	32.5	65.66666666666667	0.36946663325278584	0.41658757297347854	5.756221661710653
black	submissive	690.0	50.0	236.83333333333334	249.5	5103.841666655149	41.5	67.83333333333333	0.5236557820713285	0.6133070088657968	5.756221661710653
black	tense	690.0	50.0	264.14285714285717	275.14285714285717	6157.37142863843	55.857142857142854	49.642857142857146	0.5876726565053331	0.6770611785691758	5.810356430067012
black	unripe	690.0	50.0	208.07692307692307	162.23076923076923	5153.446153829412	67.46153846153847	68.46153846153847	0.4601212772779982	0.37380893118466607	5.8523498764039665
blue	active	690.0	50.0	231.91666666666666	203.41666666666666	5080.391666646581	66.5	58.666666666666664	0.5258999135465445	0.5300007455030744	5.756221661710653
blue	aggressive	690.0	50.0	203.08333333333334	224.25	5326.699999963555	57.5	41.583333333333336	0.4588388485603187	0.5478601829612019	5.756221661710653
blue	alive	690.0	50.0	251.07142857142858	227.21428571428572	3912.6928570667014	71.85714285714286	57.785714285714285	0.5619111361707728	0.5378179057234594	5.810356430067012
blue	angry	690.0	50.0	207.6153846153846	241.6153846153846	5424.853846164026	56.46153846153846	57.69230769230769	0.47517016437892595	0.6823459857607734	5.8523498764039665
blue	calm	690.0	50.0	291.46153846153845	185.92307692307693	5198.09230771539	47.46153846153846	61.46153846153846	0.6547240375684957	0.44326822179175707	5.8523498764039665
blue	clean	690.0	50.0	239.30769230769232	187.15384615384616	4950.676923057495	67.53846153846153	56.76923076923077	0.5440467046007013	0.3861960767513375	5.819308760830007
blue	cold	690.0	50.0	320.75	211.0	6195.058333347241	47.25	57.583333333333336	0.7218591593582246	0.45890356574178054	5.8353004081011735
blue	dead	690.0	50.0	230.66666666666666	201.6	5203.646666855861	35.2	55.86666666666667	0.5158352125561261	0.4824625787348546	5.895768869761429
blue	dirty	690.0	50.0	98.6923076923077	173.69230769230768	4584.353846139633	76.53846153846153	44.07692307692308	0.2194849823400758	0.33711269721740106	5.819308760830007
blue	dislike	690.0	50.0	191.30769230769232	255.15384615384616	6427.069230756794	47.46153846153846	49.46153846153846	0.42941357617586323	0.5848026471337092	5.8127199475408124
blue	dull	690.0	50.0	241.8	261.3333333333333	5293.71333323447	53.2	54.733333333333334	0.54079517151137	0.6299136745251334	5.895768869761429
blue	exciting	690.0	50.0	221.6	178.0	5790.459999890563	44.2	58.6	0.4974274638761747	0.4002629576579838	5.895768869761429
blue	fast	690.0	50.0	222.86666666666667	228.33333333333334	5042.186666885329	80.2	49.4	0.49392314599474296	0.5152272081614565	5.895768869761429
blue	fresh	690.0	50.0	210.76923076923077	144.92307692307693	6357.330769220797	83.46153846153847	54.46153846153846	0.47040577325482447	0.3055868895965047	5.8523498764039665
blue	happy	690.0	50.0	259.0769230769231	238.30769230769232	5296.384615368282	74.46153846153847	51.30769230769231	0.5795567299268063	0.5427254628269546	5.8127199475408124
blue	hard	690.0	50.0	246.26666666666668	242.6	4559.313333302426	71.2	55.6	0.5498738616045276	0.5957831411832839	5.895768869761429
blue	heavy	690.0	50.0	209.92857142857142	251.5	4548.542857027879	44.857142857142854	67.42857142857143	0.46103566589714257	0.6011560730922556	5.810356430067012
blue	hot	690.0	50.0	140.84615384615384	207.15384615384616	4828.515384605154	58.53846153846154	42.69230769230769	0.3148181251287193	0.4307294274096041	5.819308760830007
blue	jealous	690.0	50.0	149.3846153846154	245.23076923076923	5411.900000020718	40.53846153846154	51.23076923076923	0.3289842531180901	0.5508481751457348	5.819308760830007
blue	light	690.0	50.0	258.07142857142856	163.14285714285714	4778.285714369001	35.857142857142854	58.357142857142854	0.5783931331278434	0.3720186503754817	5.810356430067012
blue	like	690.0	50.0	241.3846153846154	259.2307692307692	5555.35384615611	38.46153846153846	58.53846153846154	0.5383750506561015	0.617345092804643	5.8127199475408124
blue	new	690.0	50.0	210.0	234.07692307692307	5312.115384616665	56.46153846153846	60.92307692307692	0.47191317884283407	0.525319618257083	5.8127199475408124
blue	old	690.0	50.0	184.92307692307693	253.0	3716.3615384679288	65.46153846153847	69.0	0.41405442325979824	0.5755890531202811	5.8127199475408124
blue	passive	690.0	50.0	205.91666666666666	171.75	5275.683333323337	75.5	46.833333333333336	0.46610897652694244	0.4181834177898683	5.756221661710653
blue	relaxed	690.0	50.0	302.14285714285717	194.78571428571428	4795.1499999870675	53.857142857142854	62.357142857142854	0.6777047199368508	0.45992587361867737	5.810356430067012
blue	ripe	690.0	50.0	233.30769230769232	166.69230769230768	5001.230769238399	65.46153846153847	49.53846153846154	0.523315460916529	0.4143332168997161	5.8523498764039665
blue	sad	690.0	50.0	352.38461538461536	252.23076923076923	5214.176923084574	83.46153846153847	43.53846153846154	0.7872590995815008	0.5707318814853823	5.8127199475408124
blue	selfless	690.0	50.0	149.46153846153845	268.2307692307692	5817.261538427037	31.53846153846154	62.30769230769231	0.33376451971339305	0.617105044070313	5.819308760830007
blue	slow	690.0	50.0	245.53846153846155	139.46153846153845	4900.361538454066	38.46153846153846	53.15384615384615	0.5447600152822677	0.2618552540082677	5.8523498764039665
blue	soft	690.0	50.0	257.8666666666667	236.8	5025.539999963933	62.2	65.6	0.5803069918542829	0.5807874166842577	5.895768869761429
blue	stale	690.0	50.0	137.0	219.83333333333334	7024.158333376671	39.5	62.916666666666664	0.29730487262663463	0.4908962042346045	5.756221661710653
blue	submissive	690.0	50.0	232.5	245.91666666666666	5213.64999998097	48.5	52.5	0.524459397305907	0.5841805798682117	5.756221661710653
blue	tense	690.0	50.0	205.14285714285714	236.71428571428572	4378.7357141162665	62.857142857142854	66.57142857142857	0.4495339733522318	0.5715108279538843	5.810356430067012
blue	unripe	690.0	50.0	218.15384615384616	193.84615384615384	4693.453846131021	74.46153846153847	47.76923076923077	0.49092972285023334	0.4524660893047793	5.8523498764039665
brown	active	690.0	50.0	187.66666666666666	206.83333333333334	5044.983333296764	62.5	64.5	0.42484841777673127	0.5369867068292352	5.756221661710653
brown	aggressive	690.0	50.0	245.33333333333334	233.75	5234.541666636709	53.5	69.66666666666667	0.5580852528487253	0.6078960062097126	5.756221661710653
brown	alive	690.0	50.0	188.0	211.42857142857142	5735.992857431062	67.85714285714286	64.64285714285714	0.4125504979504951	0.4978947270320205	5.810356430067012
brown	angry	690.0	50.0	197.69230769230768	221.15384615384616	4795.723076905159	52.46153846153846	59.76923076923077	0.4487807285068727	0.6221224220138979	5.8523498764039665
brown	calm	690.0	50.0	217.15384615384616	215.30769230769232	4481.784615383914	43.46153846153846	69.6923076923077	0.4883090433103678	0.5384528636158497	5.8523498764039665
brown	clean	690.0	50.0	164.92307692307693	188.07692307692307	5972.923076940414	63.53846153846154	55.15384615384615	0.37279613423171265	0.37632593833082534	5.819308760830007
brown	cold	690.0	50.0	141.46153846153845	219.0	4367.784615400748	45.53846153846154	43.23076923076923	0.3179665068891675	0.46088882628496886	5.819308760830007
brown	dead	690.0	50.0	264.14285714285717	143.92857142857142	6297.685714370838	76.85714285714286	56.07142857142857	0.5868319440487377	0.3325813383429757	5.810356430067012
brown	dirty	690.0	50.0	311.2307692307692	195.3846153846154	6293.669230769603	72.53846153846153	50.92307692307692	0.6955528602310205	0.4144157428367548	5.819308760830007
brown	dislike	690.0	50.0	279.7692307692308	207.30769230769232	4700.576923096409	43.46153846153846	43.46153846153846	0.6204403412904853	0.45839591430613075	5.8127199475408124
brown	dull	690.0	50.0	249.73333333333332	214.2	5062.1666666129295	49.2	63.93333333333333	0.5623828795625947	0.5182615323445026	5.895768869761429
brown	exciting	690.0	50.0	173.8	260.0	6699.279999746289	40.2	49.13333333333333	0.38359709410757337	0.6035714902428851	5.895768869761429
brown	fast	690.0	50.0	177.0	200.8	4676.353333375448	76.2	60.0	0.3916597022950571	0.45811061855079327	5.895768869761429
brown	fresh	690.0	50.0	207.07692307692307	154.46153846153845	5629.246153864437	79.46153846153847	59.84615384615385	0.4584460405921117	0.33677091745557164	5.8523498764039665
brown	happy	690.0	50.0	171.84615384615384	259.0	4142.992307692202	70.46153846153847	58.84615384615385	0.37939032285843566	0.5967152762192715	5.8127199475408124
brown	hard	690.0	50.0	260.85714285714283	249.85714285714286	4099.392857254549	65.5	60.07142857142857	0.5858050103988967	0.6227891705688681	5.891115250442255
brown	heavy	690.0	50.0	248.35714285714286	247.71428571428572	5539.842857137984	40.857142857142854	59.285714285714285	0.5500968701764063	0.5648263180369383	5.810356430067012
brown	hot	690.0	50.0	130.92307692307693	223.69230769230768	4208.4461538237165	54.53846153846154	47.23076923076923	0.29418693845560945	0.47434417701315	5.819308760830007
brown	jealous	690.0	50.0	153.30769230769232	277.3076923076923	4306.29230768821	36.53846153846154	50.53846153846154	0.34217072101078655	0.6321094006229745	5.819308760830007
brown	light	690.0	50.0	182.5	272.7142857142857	5389.964285781075	31.857142857142858	63.714285714285715	0.39396179824338784	0.6541184069888254	5.810356430067012
brown	like	690.0	50.0	203.15384615384616	235.07692307692307	5794.161538476268	34.46153846153846	69.92307692307692	0.45226717572388314	0.5350035306630663	5.8127199475408124
brown	new	690.0	50.0	140.92307692307693	221.92307692307693	5852.123076902837	52.46153846153846	48.23076923076923	0.3093136956402248	0.5020633249791896	5.8127199475408124
brown	old	690.0	50.0	285.15384615384613	162.3846153846154	4440.338461554972	61.46153846153846	54.76923076923077	0.6349213856939513	0.3297537757925956	5.8127199475408124
brown	passive	690.0	50.0	187.75	244.66666666666666	4925.83333336267	71.5	47.5	0.41335356954538477	0.5967209439892319	5.756221661710653
brown	relaxed	690.0	50.0	212.42857142857142	229.28571428571428	5148.492857061991	49.857142857142854	52.57142857142857	0.4658400098613245	0.5305304584455205	5.810356430067012
brown	ripe	690.0	50.0	240.23076923076923	142.23076923076923	5872.215384579944	61.46153846153846	46.53846153846154	0.5384657112833632	0.30613193214134693	5.8523498764039665
brown	sad	690.0	50.0	167.76923076923077	282.53846153846155	5875.861538461642	79.46153846153847	66.15384615384616	0.3728942406929963	0.6579935826785253	5.8127199475408124
brown	selfless	690.0	50.0	184.25	211.66666666666666	4626.591666663687	80.5	45.333333333333336	0.40347017499214033	0.4806512173093566	5.756221661710653
brown	slow	690.0	50.0	208.46153846153845	154.3846153846154	5225.707692314298	34.46153846153846	60.0	0.46889729305877115	0.327583317980935	5.8523498764039665
brown	soft	690.0	50.0	241.26666666666668	238.6	5460.160000232141	58.2	53.0	0.5378290278745563	0.5840882465541561	5.895768869761429
brown	stale	690.0	50.0	201.66666666666666	217.91666666666666	5104.066666657261	35.5	73.25	0.4492745468204	0.49495171500191226	5.756221661710653
brown	submissive	690.0	50.0	171.16666666666666	242.33333333333334	6289.75833332492	44.5	65.25	0.38181475706666174	0.6036252788937398	5.756221661710653
brown	tense	690.0	50.0	190.07142857142858	277.35714285714283	6062.028571692819	58.857142857142854	57.42857142857143	0.41969940032743974	0.6761659766533755	5.810356430067012
brown	unripe	690.0	50.0	231.15384615384616	194.0	6591.646153859472	70.46153846153847	59.69230769230769	0.5051302946436321	0.45916495094869697	5.8523498764039665
green	active	690.0	50.0	260.5833333333333	162.0	5951.383333369003	63.5	54.833333333333336	0.5970826473673654	0.4006059363649854	5.756221661710653
green	aggressive	690.0	50.0	188.75	193.91666666666666	5297.825000002359	54.5	61.0	0.41132146867974556	0.4488626661015085	5.756221661710653
green	alive	690.0	50.0	258.57142857142856	121.78571428571429	6448.435714327597	68.85714285714286	63.0	0.5799240187290301	0.2684111958195174	5.810356430067012
green	angry	690.0	50.0	256.9230769230769	246.69230769230768	5495.6153846235875	53.46153846153846	54.30769230769231	0.589336153254368	0.6728209903130069	5.8523498764039665
green	calm	690.0	50.0	241.92307692307693	155.30769230769232	5746.6230769065	44.46153846153846	38.23076923076923	0.5352879973882366	0.3298599230560652	5.8523498764039665
green	clean	690.0	50.0	231.84615384615384	177.46153846153845	4714.27692306142	64.53846153846153	56.30769230769231	0.5260066979056159	0.3560114341199434	5.819308760830007
green	cold	690.0	50.0	134.84615384615384	244.23076923076923	5847.0692307749905	46.53846153846154	64.76923076923077	0.3024781100399364	0.5344815888187417	5.819308760830007
green	dead	690.0	50.0	158.0	214.28571428571428	4727.707142974915	77.85714285714286	66.0	0.3448536984808854	0.5037948017877711	5.810356430067012
green	dirty	690.0	50.0	185.6153846153846	170.0	5114.076923032219	73.53846153846153	52.61538461538461	0.42255463705864127	0.3313240938517329	5.819308760830007
green	dislike	690.0	50.0	190.15384615384616	212.6153846153846	4485.784615372522	44.46153846153846	65.23076923076923	0.419290353316002	0.48756070623718484	5.8127199475408124
green	dull	690.0	50.0	206.0	254.86666666666667	5693.879999932771	50.2	52.2	0.46043885022425457	0.6135564836805981	5.895768869761429
green	exciting	690.0	50.0	271.4	224.73333333333332	5885.219999848399	41.2	58.2	0.6066841177300849	0.5453044035037714	5.895768869761429
green	fast	690.0	50.0	205.73333333333332	200.66666666666666	5430.126666706304	77.2	52.0	0.4552034897677392	0.4410006512258228	5.895768869761429
green	fresh	690.0	50.0	322.53846153846155	205.30769230769232	5320.330769220976	80.46153846153847	51.46153846153846	0.7289197678202656	0.48144112975381587	5.8523498764039665
green	happy	690.0	50.0	269.2307692307692	220.46153846153845	4865.699999984649	71.46153846153847	69.84615384615384	0.5962480797442129	0.5147042070090473	5.8127199475408124
green	hard	690.0	50.0	274.8	228.86666666666667	4834.5199998254575	68.2	67.6	0.61636641197421	0.5660665018037826	5.895768869761429
green	heavy	690.0	50.0	144.28571428571428	264.64285714285717	4417.471428494368	41.857142857142854	64.07142857142857	0.3106547513912107	0.6324702927169349	5.810356430067012
green	hot	690.0	50.0	159.6153846153846	191.30769230769232	4510.730769237934	55.53846153846154	63.23076923076923	0.3601625139871578	0.40278580138684345	5.819308760830007
green	jealous	690.0	50.0	269.46153846153845	383.15384615384613	4886.42307695159	37.53846153846154	53.38461538461539	0.6043050906236409	0.9097250902337352	5.819308760830007
green	light	690.0	50.0	231.57142857142858	189.35714285714286	6789.978571355335	32.857142857142854	42.57142857142857	0.5131424662069419	0.4262127261648207	5.810356430067012
green	like	690.0	50.0	245.75	201.75	5485.333333346833	37.75	54.416666666666664	0.5476842403413346	0.4488358572918682	5.851095214105173
green	new	690.0	50.0	290.53846153846155	186.15384615384616	5860.315384634708	53.46153846153846	48.30769230769231	0.648386640838122	0.3806803091524882	5.8127199475408124
green	old	690.0	50.0	169.6153846153846	249.53846153846155	4581.96923075817	62.46153846153846	71.6923076923077	0.3797293612726212	0.5633758885043464	5.8127199475408124
green	passive	690.0	50.0	232.75	192.58333333333334	5421.724999975103	72.5	67.5	0.5272306225239425	0.47107245582977125	5.756221661710653
green	relaxed	690.0	50.0	262.61538461538464	245.84615384615384	5282.738461683294	48.61538461538461	44.0	0.5888234607470997	0.5694036445502485	5.843133135513763
green	ripe	690.0	50.0	256.3076923076923	144.92307692307693	5192.492307681662	62.46153846153846	59.30769230769231	0.5736590420926265	0.31208640272105365	5.8523498764039665
green	sad	690.0	50.0	149.69230769230768	243.23076923076923	5013.084615388608	80.46153846153847	56.15384615384615	0.330150703406586	0.5626548163069715	5.8127199475408124
green	selfless	690.0	50.0	218.0	220.16666666666666	5639.175000049018	81.5	61.75	0.48630785634544793	0.5354523403413959	5.756221661710653
green	slow	690.0	50.0	218.0	168.69230769230768	4887.692307705597	35.46153846153846	49.15384615384615	0.4888826956356478	0.3914285683905954	5.8523498764039665
green	soft	690.0	50.0	234.86666666666667	185.26666666666668	6673.193333397775	59.2	69.4	0.5240233697480035	0.4174208731615042	5.895768869761429
green	stale	690.0	50.0	226.66666666666666	200.5	5530.775000016671	36.5	55.666666666666664	0.500605466400705	0.4511033043635318	5.756221661710653
green	submissive	690.0	50.0	181.91666666666666	217.75	5930.83333331331	45.5	56.666666666666664	0.41087892805165943	0.5146050258497034	5.756221661710653
green	tense	690.0	50.0	197.57142857142858	265.0	5313.200000053804	59.857142857142854	53.0	0.43236372214748525	0.6388771450232719	5.810356430067012
green	unripe	690.0	50.0	288.53846153846155	147.46153846153845	8455.346153850453	71.46153846153847	48.07692307692308	0.6437430666006642	0.3277137748679623	5.8523498764039665
orange	active	690.0	50.0	239.16666666666666	243.25	4967.016666682437	60.5	47.166666666666664	0.5393505730869521	0.6300186239410207	5.756221661710653
orange	aggressive	690.0	50.0	260.75	234.16666666666666	6310.083333342026	51.5	70.16666666666667	0.5941065819332741	0.6065835131024252	5.756221661710653
orange	alive	690.0	50.0	232.92857142857142	202.42857142857142	5620.035714384435	65.85714285714286	61.92857142857143	0.5164007928588127	0.4871227437602443	5.810356430067012
orange	angry	690.0	50.0	253.76923076923077	241.76923076923077	5017.453846135212	50.46153846153846	58.53846153846154	0.5755701447672565	0.6791926661342003	5.8523498764039665
orange	calm	690.0	50.0	202.76923076923077	177.07692307692307	4724.253846155336	41.46153846153846	76.6923076923077	0.44238017777769173	0.37316362209645076	5.8523498764039665
orange	clean	690.0	50.0	152.53846153846155	199.84615384615384	3697.146153850481	61.53846153846154	64.53846153846153	0.3409383921567955	0.4155670987661452	5.819308760830007
orange	cold	690.0	50.0	124.07692307692308	221.69230769230768	5034.484615396565	43.53846153846154	57.0	0.275430047285624	0.4674400778990201	5.819308760830007
orange	dead	690.0	50.0	198.07142857142858	249.35714285714286	5404.628571653606	74.85714285714286	55.357142857142854	0.43792164973773245	0.5994356498128676	5.810356430067012
orange	dirty	690.0	50.0	108.0	156.92307692307693	5172.26923078055	70.53846153846153	67.23076923076923	0.23848436603563955	0.3005728069050034	5.819308760830007
orange	dislike	690.0	50.0	212.84615384615384	258.61538461538464	5841.1999999729005	41.46153846153846	47.23076923076923	0.47115146167749955	0.5960097072965452	5.8127199475408124
orange	dull	690.0	50.0	189.4	241.4	5177.673333460248	47.2	52.666666666666664	0.42161140332105423	0.6030583349190856	5.895768869761429
orange	exciting	690.0	50.0	257.73333333333335	208.86666666666667	5762.300000121692	38.2	55.733333333333334	0.5750447658138312	0.482048432673837	5.895768869761429
orange	fast	690.0	50.0	218.4	130.86666666666667	6609.633333422802	74.2	42.53333333333333	0.4872378098057172	0.2782240187985702	5.895768869761429
orange	fresh	690.0	50.0	248.76923076923077	174.69230769230768	5025.43846154761	77.46153846153847	65.76923076923077	0.5509009114636734	0.35548057548683887	5.8523498764039665
orange	happy	690.0	50.0	243.15384615384616	240.15384615384616	5100.799999988414	68.46153846153847	68.38461538461539	0.5449894297433914	0.5655532454014909	5.8127199475408124
orange	hard	690.0	50.0	268.26666666666665	227.93333333333334	5345.966666714661	65.2	57.53333333333333	0.6014815923265435	0.5560637354964304	5.895768869761429
orange	heavy	690.0	50.0	198.42857142857142	239.64285714285714	4976.257142935081	38.857142857142854	51.42857142857143	0.43820583635468946	0.5828954614033351	5.810356430067012
orange	hot	690.0	50.0	285.0769230769231	198.69230769230768	6464.24615385369	52.53846153846154	49.0	0.6386119214697372	0.4136082329027249	5.819308760830007
orange	jealous	690.0	50.0	156.15384615384616	277.15384615384613	4329.900000001376	34.53846153846154	58.0	0.348887629164114	0.6307648032017253	5.819308760830007
orange	light	690.0	50.0	241.78571428571428	215.85714285714286	6487.578571752246	29.857142857142858	58.785714285714285	0.5348600265437552	0.4757476327267424	5.810356430067012
orange	like	690.0	50.0	163.84615384615384	217.0	5557.461538460536	79.53846153846153	49.92307692307692	0.37056245971952817	0.4813785400886897	5.819308760830007
orange	new	690.0	50.0	180.46153846153845	221.30769230769232	5889.50000001562	50.46153846153846	64.6923076923077	0.39783315343750236	0.5121701759461956	5.8127199475408124
orange	old	690.0	50.0	145.23076923076923	268.53846153846155	5274.069230747481	59.46153846153846	56.92307692307692	0.3214758894362192	0.6105432931678403	5.8127199475408124
orange	passive	690.0	50.0	188.16666666666666	260.5	4368.041666681257	69.5	54.916666666666664	0.4199462185608964	0.6224983348492263	5.756221661710653
orange	relaxed	690.0	50.0	219.85714285714286	223.21428571428572	4230.485714201017	47.857142857142854	61.285714285714285	0.48887060992395676	0.5371436567793343	5.810356430067012
orange	ripe	690.0	50.0	233.53846153846155	142.46153846153845	5005.869230772189	59.46153846153846	57.0	0.5087726962358882	0.308031650958819	5.8523498764039665
orange	sad	690.0	50.0	177.6153846153846	249.23076923076923	3819.561538458157	77.46153846153847	73.38461538461539	0.39437858494469613	0.5689512445961713	5.8127199475408124
orange	selfless	690.0	50.0	155.83333333333334	239.16666666666666	6578.274999963895	78.5	55.333333333333336	0.34627660104387664	0.5543794599445383	5.756221661710653
orange	slow	690.0	50.0	221.8	220.73333333333332	5588.540000063088	83.2	43.6	0.49621264098512563	0.5626705508028778	5.895768869761429
orange	soft	690.0	50.0	195.8	227.53333333333333	4398.133333269724	56.2	59.6	0.4411368988542074	0.5608039972699175	5.895768869761429
orange	stale	690.0	50.0	135.5	206.16666666666666	6647.100000014063	33.5	43.833333333333336	0.29366207626978236	0.473077100320567	5.756221661710653
orange	submissive	690.0	50.0	194.16666666666666	211.0	4901.666666679084	42.5	77.08333333333333	0.4369889338491297	0.517087417951705	5.756221661710653
orange	tense	690.0	50.0	257.42857142857144	267.0	4753.757143079303	56.857142857142854	61.0	0.5743179396199701	0.6431665857556992	5.810356430067012
orange	unripe	690.0	50.0	241.6153846153846	157.6153846153846	5524.738461553585	68.46153846153847	58.92307692307692	0.5398139191956589	0.3569380940701305	5.8523498764039665
purple	active	690.0	50.0	220.25	195.33333333333334	5186.624999957625	64.5	54.416666666666664	0.49563352305409847	0.5094921026789102	5.756221661710653
purple	aggressive	690.0	50.0	231.41666666666666	214.16666666666666	5781.166666606286	55.5	66.16666666666667	0.5345101013736175	0.5623061658476802	5.756221661710653
purple	alive	690.0	50.0	182.14285714285714	189.07142857142858	5981.6857141565	69.85714285714286	53.92857142857143	0.39993553838962653	0.4160811779813818	5.810356430067012
purple	angry	690.0	50.0	219.3846153846154	254.07692307692307	6252.007692318338	54.46153846153846	55.61538461538461	0.49865699806994396	0.6911051552391303	5.8523498764039665
purple	calm	690.0	50.0	243.92307692307693	190.53846153846155	5001.684615406387	45.46153846153846	52.0	0.5436232362208282	0.4956626188565735	5.8523498764039665
purple	clean	690.0	50.0	107.3076923076923	173.92307692307693	4149.523076927862	65.53846153846153	56.38461538461539	0.2371286069969768	0.36608951030011855	5.819308760830007
purple	cold	690.0	50.0	140.3846153846154	213.69230769230768	4738.323076898376	47.53846153846154	62.92307692307692	0.3133974087646242	0.46037409603400203	5.819308760830007
purple	dead	690.0	50.0	227.6	199.93333333333334	5046.8466666393915	33.2	56.333333333333336	0.5058970548875784	0.4838629133323753	5.895768869761429
purple	dirty	690.0	50.0	142.46153846153845	191.23076923076923	5312.576923098845	74.53846153846153	46.0	0.3192561421397408	0.40901172200237773	5.819308760830007
purple	dislike	690.0	50.0	182.3846153846154	241.15384615384616	6789.33846154852	45.46153846153846	55.0	0.39791295077535255	0.5581289341630948	5.8127199475408124
purple	dull	690.0	50.0	168.0	234.93333333333334	5095.473333295186	51.2	56.8	0.3746666284004038	0.5661188816303401	5.895768869761429
purple	exciting	690.0	50.0	249.46666666666667	203.8	5885.513333484344	42.2	61.6	0.5599724095555362	0.44333903641455735	5.895768869761429
purple	fast	690.0	50.0	187.53333333333333	201.13333333333333	4403.9733332607275	78.2	69.73333333333333	0.41935068228472683	0.447278061718147	5.895768869761429
purple	fresh	690.0	50.0	224.69230769230768	163.07692307692307	5987.007692321813	81.46153846153847	60.38461538461539	0.5103759773480001	0.35976337332353925	5.8523498764039665
purple	happy	690.0	50.0	213.07692307692307	234.69230769230768	5333.215384620743	72.46153846153847	49.15384615384615	0.4723295361917248	0.5399104152044053	5.8127199475408124
purple	hard	690.0	50.0	254.66666666666666	220.4	4777.946666714208	69.2	69.93333333333334	0.576004247279094	0.5402479112488338	5.895768869761429
purple	heavy	690.0	50.0	212.92857142857142	266.0	5904.450000033315	42.857142857142854	56.42857142857143	0.46556065551215176	0.6377292081108438	5.810356430067012
purple	hot	690.0	50.0	111.76923076923077	219.92307692307693	4782.592307686662	56.53846153846154	62.23076923076923	0.2470253565284889	0.4738248892924346	5.819308760830007
purple	jealous	690.0	50.0	186.53846153846155	297.15384615384613	5622.9384615737945	38.53846153846154	54.15384615384615	0.4199301272731751	0.6879865859128566	5.819308760830007
purple	light	690.0	50.0	251.35714285714286	237.14285714285714	4686.550000052234	33.857142857142854	59.0	0.5612275868395743	0.558466358506348	5.810356430067012
purple	like	690.0	50.0	207.15384615384616	219.6153846153846	6579.115384612805	36.46153846153846	51.0	0.4613692047149269	0.5148963856963069	5.8127199475408124
purple	new	690.0	50.0	185.33333333333334	245.25	5312.041666674438	56.75	67.5	0.4097214565882879	0.5606186913739494	5.851095214105173
purple	old	690.0	50.0	141.07692307692307	233.46153846153845	5627.961538452508	63.46153846153846	55.30769230769231	0.31141890756855645	0.535751370937628	5.8127199475408124
purple	passive	690.0	50.0	167.41666666666666	186.25	4783.366666687187	73.5	55.916666666666664	0.3613683477854534	0.4182370673377711	5.756221661710653
purple	relaxed	690.0	50.0	200.35714285714286	278.0	5499.485714467642	51.857142857142854	48.42857142857143	0.4432158479286377	0.6796889413224336	5.810356430067012
purple	ripe	690.0	50.0	220.69230769230768	136.76923076923077	5330.099999982649	63.46153846153846	38.15384615384615	0.4955656833681291	0.30481340391548517	5.8523498764039665
purple	sad	690.0	50.0	225.53846153846155	238.15384615384616	5092.346153836545	81.46153846153847	47.92307692307692	0.5004355558392904	0.5516774503300328	5.8127199475408124
purple	selfless	690.0	50.0	119.61538461538461	247.6153846153846	5328.630769246043	29.53846153846154	59.0	0.2655283860415448	0.5636262683803355	5.819308760830007
purple	slow	690.0	50.0	176.3846153846154	147.53846153846155	4964.392307716601	36.46153846153846	58.30769230769231	0.3871892248152738	0.30253343903255125	5.8523498764039665
purple	soft	690.0	50.0	234.66666666666666	204.73333333333332	5508.846666517637	60.2	43.86666666666667	0.5233368401970184	0.5044914070655747	5.895768869761429
purple	stale	690.0	50.0	158.0	209.16666666666666	5482.891666649841	37.5	53.25	0.3515652484012733	0.4654878578620924	5.756221661710653
purple	submissive	690.0	50.0	190.0	231.5	4910.383333351929	46.5	55.583333333333336	0.41974502781095807	0.5488263942791997	5.756221661710653
purple	tense	690.0	50.0	197.35714285714286	236.57142857142858	6307.8428570245	60.857142857142854	66.14285714285714	0.4309746946368946	0.5807572477025787	5.810356430067012
purple	unripe	690.0	50.0	215.0	152.6153846153846	5928.699999970957	72.46153846153847	55.76923076923077	0.4802141078813714	0.3385783095250803	5.8523498764039665
red	active	690.0	50.0	297.0833333333333	236.25	5594.699999981094	58.5	57.75	0.680840775011292	0.5896980073950929	5.756221661710653
red	aggressive	690.0	50.0	356.0	195.08333333333334	4616.849999994661	49.5	65.41666666666667	0.8131511849958666	0.49373727482775137	5.756221661710653
red	alive	690.0	50.0	272.6923076923077	194.15384615384616	5720.2538462854345	65.53846153846153	50.07692307692308	0.6066061928818527	0.4134647247550522	5.8200687815670555
red	angry	690.0	50.0	317.53846153846155	198.07692307692307	4480.984615379693	48.46153846153846	51.76923076923077	0.7195101991492963	0.5437093044680218	5.8523498764039665
red	calm	690.0	50.0	227.69230769230768	198.30769230769232	5861.692307664726	39.46153846153846	53.69230769230769	0.5215703446481826	0.5115036141764157	5.8523498764039665
red	clean	690.0	50.0	129.6153846153846	200.84615384615384	4922.092307675486	59.53846153846154	48.84615384615385	0.29145581103137697	0.4386187463616765	5.819308760830007
red	cold	690.0	50.0	162.0	229.6153846153846	5548.715384637937	41.53846153846154	57.84615384615385	0.36976594074104435	0.49718248393616504	5.819308760830007
red	dead	690.0	50.0	263.5	223.28571428571428	4430.907142793095	72.85714285714286	60.214285714285715	0.5888888045826504	0.5079420045773058	5.810356430067012
red	dirty	690.0	50.0	121.76923076923077	188.0	3915.6923076851435	68.53846153846153	68.07692307692308	0.2732449840972163	0.3998993920920378	5.819308760830007
red	dislike	690.0	50.0	261.3076923076923	239.3846153846154	5290.169230760863	39.46153846153846	61.92307692307692	0.5779447638804915	0.5689330024353059	5.8127199475408124
red	dull	690.0	50.0	193.8	256.06666666666666	4762.026666770534	45.2	55.8	0.43419469924077375	0.6252312410068381	5.895768869761429
red	exciting	690.0	50.0	249.53333333333333	204.06666666666666	5631.94666667978	36.2	52.8	0.5604241351271674	0.4794362253555284	5.895768869761429
red	fast	690.0	50.0	255.06666666666666	167.86666666666667	5950.580000023109	72.2	54.46666666666667	0.5681716707117281	0.3446385640949596	5.895768869761429
red	fresh	690.0	50.0	263.0	165.92307692307693	4895.138461512262	75.46153846153847	54.0	0.591085469914392	0.42553590818867093	5.8523498764039665
red	happy	690.0	50.0	197.53846153846155	221.6153846153846	6300.976923088767	66.46153846153847	63.76923076923077	0.4344735772448644	0.49808674560460836	5.8127199475408124
red	hard	690.0	50.0	200.2	257.0	5032.433333584698	63.2	51.0	0.4490691551204659	0.603926348984452	5.895768869761429
red	heavy	690.0	50.0	196.85714285714286	235.28571428571428	5845.764285764641	36.857142857142854	48.07142857142857	0.4355876701796129	0.5881227263059514	5.810356430067012
red	hot	690.0	50.0	305.46153846153845	172.3846153846154	7604.146153849621	50.53846153846154	57.46153846153846	0.6827260026478059	0.35523210616461864	5.819308760830007
red	jealous	690.0	50.0	236.46153846153845	324.9230769230769	4779.307692312564	32.53846153846154	56.23076923076923	0.5309599435192093	0.7598361816051842	5.819308760830007
red	light	690.0	50.0	183.21428571428572	192.21428571428572	5975.985714413226	27.857142857142858	60.857142857142854	0.4016705734254578	0.4660753832164146	5.810356430067012
red	like	690.0	50.0	193.0	211.6153846153846	4913.476923057093	77.53846153846153	49.84615384615385	0.4377301187361564	0.46794694372175094	5.819308760830007
red	new	690.0	50.0	182.6153846153846	233.15384615384616	6933.6230769115855	48.46153846153846	63.0	0.40661566591897713	0.5218482445786605	5.8127199475408124
red	old	690.0	50.0	146.69230769230768	250.15384615384616	5487.20000002261	57.46153846153846	61.53846153846154	0.32345100632320245	0.576426006919632	5.8127199475408124
red	passive	690.0	50.0	153.16666666666666	219.08333333333334	6461.658333292697	67.5	53.666666666666664	0.33102642690171885	0.4969612730934791	5.756221661710653
red	relaxed	690.0	50.0	206.78571428571428	292.57142857142856	4794.685714321876	45.857142857142854	60.785714285714285	0.45397323346862967	0.7173246650255661	5.810356430067012
red	ripe	690.0	50.0	261.2307692307692	150.3846153846154	5661.938461533927	57.46153846153846	64.15384615384616	0.5796612182505609	0.3165249980735186	5.8523498764039665
red	sad	690.0	50.0	188.07692307692307	262.0	4535.053846146625	75.46153846153847	46.23076923076923	0.4151027344975162	0.5948092768502391	5.8127199475408124
red	selfless	690.0	50.0	158.75	225.83333333333334	5181.349999990004	76.5	59.166666666666664	0.34802380930131555	0.5359481785002008	5.756221661710653
red	slow	690.0	50.0	194.86666666666667	194.4	6453.420000012995	81.2	53.13333333333333	0.43669650504941265	0.45024143544724277	5.895768869761429
red	soft	690.0	50.0	238.06666666666666	248.73333333333332	4400.873333357026	54.2	66.33333333333333	0.529186137882958	0.6092840997288016	5.895768869761429
red	stale	690.0	50.0	148.25	215.41666666666666	4835.366666652728	31.5	52.583333333333336	0.32683895482105196	0.4869632706630382	5.756221661710653
red	submissive	690.0	50.0	238.0	212.0	5500.908333355561	40.5	48.25	0.5369633790766426	0.5064977204160469	5.756221661710653
red	tense	690.0	50.0	270.57142857142856	158.0	5433.028571420092	54.857142857142854	59.642857142857146	0.6009697763518984	0.35642563713406233	5.810356430067012
red	unripe	690.0	50.0	225.92307692307693	153.07692307692307	4745.146153832069	66.46153846153847	42.76923076923077	0.5093758042410723	0.341490138683819	5.8523498764039665
white	active	690.0	50.0	217.5	190.33333333333334	4433.799999960854	65.5	60.0	0.49081386338974675	0.4827950871524899	5.756221661710653
white	aggressive	690.0	50.0	208.5	216.33333333333334	6165.233333311975	56.5	38.0	0.47846204828372363	0.5551717844771825	5.756221661710653
white	alive	690.0	50.0	207.35714285714286	147.28571428571428	5543.828571396872	70.85714285714286	46.92857142857143	0.4632072967408311	0.3491743089917114	5.810356430067012
white	angry	690.0	50.0	232.69230769230768	255.3846153846154	4121.023076926859	55.46153846153846	63.30769230769231	0.5258880752749847	0.7088917265662857	5.8523498764039665
white	calm	690.0	50.0	259.38461538461536	212.07692307692307	5149.846153858548	46.46153846153846	54.23076923076923	0.5789638052930758	0.5116346596095489	5.8523498764039665
white	clean	690.0	50.0	328.6923076923077	148.69230769230768	4812.900000003381	66.53846153846153	61.30769230769231	0.7401340777268872	0.3008992773677198	5.819308760830007
white	cold	690.0	50.0	294.9230769230769	227.0	6207.87692308082	48.53846153846154	58.07692307692308	0.6649018834228192	0.4892435551300786	5.819308760830007
white	dead	690.0	50.0	245.71428571428572	212.85714285714286	5727.985714102762	32.5	58.92857142857143	0.5459112081476123	0.5171296497082097	5.891115250442255
white	dirty	690.0	50.0	150.0	152.16666666666666	4798.61666667896	77.5	61.583333333333336	0.33746630433834207	0.2994021903736929	5.80983071120155
white	dislike	690.0	50.0	205.69230769230768	243.53846153846155	4304.2307691928	46.46153846153846	62.23076923076923	0.4574037989377588	0.567516562050489	5.8127199475408124
white	dull	690.0	50.0	254.66666666666666	202.66666666666666	4649.313333328286	52.2	59.266666666666666	0.5728945032155849	0.49934875738752893	5.895768869761429
white	exciting	690.0	50.0	212.93333333333334	230.93333333333334	4990.646666690055	43.2	51.4	0.4764261649553338	0.5637973372537471	5.895768869761429
white	fast	690.0	50.0	260.6	182.4	6246.9733333480235	79.2	52.266666666666666	0.5866808828344857	0.3960107503233863	5.895768869761429
white	fresh	690.0	50.0	281.61538461538464	170.6153846153846	5215.807692313316	82.46153846153847	46.38461538461539	0.6245648905285089	0.3982452129066444	5.8523498764039665
white	happy	690.0	50.0	207.92307692307693	218.0	6997.7769230629965	73.46153846153847	54.76923076923077	0.4601330230252533	0.5065606293327697	5.8127199475408124
white	hard	690.0	50.0	229.6	240.26666666666668	4825.426666625279	70.2	55.733333333333334	0.5107408310254755	0.5966137083936809	5.895768869761429
white	heavy	690.0	50.0	235.42857142857142	278.57142857142856	5075.450000101434	43.857142857142854	58.714285714285715	0.5176937395583343	0.6831082152221227	5.810356430067012
white	hot	690.0	50.0	241.76923076923077	260.84615384615387	5942.961538425146	57.53846153846154	60.38461538461539	0.545334545472593	0.5906545731120918	5.819308760830007
white	jealous	690.0	50.0	175.92307692307693	262.9230769230769	5983.115384604209	39.53846153846154	45.15384615384615	0.3933181903499707	0.6041785880921121	5.819308760830007
white	light	690.0	50.0	295.0	113.07142857142857	4837.142857081523	34.857142857142854	52.142857142857146	0.6625031128757535	0.25006292984057854	5.810356430067012
white	like	690.0	50.0	258.15384615384613	226.15384615384616	4957.415384618709	37.46153846153846	64.61538461538461	0.5719595568139133	0.5314157359690371	5.8127199475408124
white	new	690.0	50.0	326.9230769230769	193.76923076923077	5910.6307692171	55.46153846153846	58.92307692307692	0.7324866244488343	0.41016945818433204	5.8127199475408124
white	old	690.0	50.0	198.76923076923077	186.07692307692307	6664.9923076953455	64.46153846153847	50.69230769230769	0.4453743051742409	0.3977518645603309	5.8127199475408124
white	passive	690.0	50.0	249.41666666666666	223.91666666666666	5393.024999993698	74.5	58.916666666666664	0.5651334368183636	0.5091575219766603	5.756221661710653
white	relaxed	690.0	50.0	296.85714285714283	215.28571428571428	4132.492857110687	52.857142857142854	60.642857142857146	0.6651571534787405	0.5296078142482431	5.810356430067012
white	ripe	690.0	50.0	204.07692307692307	173.92307692307693	5316.361538453565	64.46153846153847	49.0	0.44670214091821464	0.39920812446475384	5.8523498764039665
white	sad	690.0	50.0	174.15384615384616	262.7692307692308	6204.376923083395	82.46153846153847	43.38461538461539	0.384251432070343	0.6044855273140202	5.8127199475408124
white	selfless	690.0	50.0	188.23076923076923	247.53846153846155	5038.100000023698	30.53846153846154	50.38461538461539	0.42507218038489414	0.569221849998083	5.819308760830007
white	slow	690.0	50.0	182.30769230769232	160.53846153846155	5226.653846146861	37.46153846153846	70.61538461538461	0.40503348942921086	0.3351064842109176	5.8523498764039665
white	soft	690.0	50.0	271.93333333333334	205.06666666666666	6011.133333333737	61.2	46.6	0.6120304726431863	0.49996398374338546	5.895768869761429
white	stale	690.0	50.0	151.25	170.5	5084.083333354753	38.5	63.583333333333336	0.32576356695018593	0.372092686877304	5.756221661710653
white	submissive	690.0	50.0	264.5833333333333	245.08333333333334	5315.916666666822	47.5	44.666666666666664	0.5969154150837921	0.5612387838989056	5.756221661710653
white	tense	690.0	50.0	235.64285714285714	246.78571428571428	5624.9999999614165	61.857142857142854	49.642857142857146	0.522242088089299	0.5946449234924174	5.810356430067012
white	unripe	690.0	50.0	220.0	160.69230769230768	5488.707692319671	73.46153846153847	45.46153846153846	0.49042957167769846	0.35961711735852603	5.8523498764039665
yellow	active	690.0	50.0	212.5	185.33333333333334	8322.008333355188	61.5	40.75	0.4764170040991447	0.4647821618267072	5.756221661710653
yellow	aggressive	690.0	50.0	209.25	185.0	6692.008333298378	52.5	70.0	0.4786407603533567	0.4728826216040369	5.756221661710653
yellow	alive	690.0	50.0	229.78571428571428	189.0	6523.0785717268345	66.85714285714286	62.92857142857143	0.5106264247739365	0.3982808746354039	5.810356430067012
yellow	angry	690.0	50.0	239.0	231.15384615384616	4096.5153846153635	51.46153846153846	56.38461538461539	0.5440560740918637	0.6284948702941502	5.8523498764039665
yellow	calm	690.0	50.0	212.84615384615384	197.07692307692307	5774.361538474126	42.46153846153846	58.92307692307692	0.4783168518356889	0.4509970476854968	5.8523498764039665
yellow	clean	690.0	50.0	176.46153846153845	202.6153846153846	6381.0692307705485	62.53846153846154	59.15384615384615	0.39871671112246965	0.429803438062228	5.819308760830007
yellow	cold	690.0	50.0	154.6153846153846	247.69230769230768	7255.269230747739	44.53846153846154	48.84615384615385	0.3514747536737394	0.5436727513084383	5.819308760830007
yellow	dead	690.0	50.0	223.21428571428572	268.5	6258.900000071685	75.85714285714286	60.142857142857146	0.495312520936773	0.6340770997679688	5.810356430067012
yellow	dirty	690.0	50.0	235.0	184.15384615384616	4633.823076919581	71.53846153846153	53.69230769230769	0.5324498830593298	0.38966603737526684	5.819308760830007
yellow	dislike	690.0	50.0	196.23076923076923	248.84615384615384	5003.323076914709	42.46153846153846	52.38461538461539	0.4346971071835781	0.5625469319244142	5.8127199475408124
yellow	dull	690.0	50.0	210.13333333333333	235.2	5077.893333360149	48.2	68.33333333333333	0.473898835533183	0.5690672257289123	5.895768869761429
yellow	exciting	690.0	50.0	242.26666666666668	194.13333333333333	4827.18000009451	39.2	58.86666666666667	0.5399019570427174	0.44299075714657665	5.895768869761429
yellow	fast	690.0	50.0	216.53333333333333	166.33333333333334	4997.593333139084	75.2	63.4	0.4796783369764467	0.3652679187067178	5.895768869761429
yellow	fresh	690.0	50.0	243.92307692307693	170.92307692307693	4888.461538446171	78.46153846153847	45.15384615384615	0.5449144651327418	0.39640760839087086	5.8523498764039665
yellow	happy	690.0	50.0	293.84615384615387	226.30769230769232	5629.423076943571	69.46153846153847	59.53846153846154	0.6589603388170212	0.4971363575549559	5.8127199475408124
yellow	hard	690.0	50.0	253.26666666666668	230.8	5052.606666563203	66.2	56.2	0.5668104564547821	0.5633134926894121	5.895768869761429
yellow	heavy	690.0	50.0	196.5	255.64285714285714	4830.928571439481	39.857142857142854	52.214285714285715	0.4375457961471952	0.6148373988995698	5.810356430067012
yellow	hot	690.0	50.0	198.15384615384616	186.92307692307693	6759.930769226586	53.53846153846154	62.61538461538461	0.44076055265482356	0.38202515732852527	5.819308760830007
yellow	jealous	690.0	50.0	177.6153846153846	271.46153846153845	5193.353846125591	35.53846153846154	55.38461538461539	0.40099984669349575	0.6210652837304097	5.819308760830007
yellow	light	690.0	50.0	260.07142857142856	134.42857142857142	4107.62142836369	30.857142857142858	77.21428571428571	0.5838610977358255	0.2772645372810514	5.810356430067012
yellow	like	690.0	50.0	204.76923076923077	223.76923076923077	5049.461538447497	33.46153846153846	52.0	0.452470354300871	0.5011717211723706	5.8127199475408124
yellow	new	690.0	50.0	206.6153846153846	216.84615384615384	4193.584615395472	51.46153846153846	56.07692307692308	0.46261003459462297	0.5024323262343674	5.8127199475408124
yellow	old	690.0	50.0	217.75	164.16666666666666	6622.866666662817	58.5	53.916666666666664	0.4867504062478705	0.3631003641433028	5.802692830138255
yellow	passive	690.0	50.0	205.75	201.16666666666666	6862.716666680605	70.5	50.416666666666664	0.45944806463559945	0.49120054598004953	5.756221661710653
yellow	relaxed	690.0	50.0	201.85714285714286	240.71428571428572	4553.435714206118	48.857142857142854	58.5	0.4523616388642146	0.5736226839164761	5.810356430067012
yellow	ripe	690.0	50.0	244.3846153846154	170.30769230769232	4414.300000009557	60.46153846153846	60.30769230769231	0.5378520261280056	0.39271842313699246	5.8523498764039665
yellow	sad	690.0	50.0	139.3846153846154	248.76923076923077	7611.6846153863635	78.46153846153847	52.15384615384615	0.3076184317350687	0.5656872119140308	5.8127199475408124
yellow	selfless	690.0	50.0	217.25	260.9166666666667	4586.466666656546	79.5	66.58333333333333	0.48271308429121035	0.672932137393753	5.756221661710653
yellow	slow	690.0	50.0	247.0	200.15384615384616	5094.730769216227	33.46153846153846	65.92307692307692	0.557940954595824	0.4677890173959536	5.8523498764039665
yellow	soft	690.0	50.0	236.8	187.0	5685.359999968205	57.2	40.4	0.5294062625883486	0.45174049649226883	5.895768869761429
yellow	stale	690.0	50.0	232.16666666666666	205.08333333333334	4509.725000008631	34.5	55.833333333333336	0.5183678788183873	0.4561268708549573	5.756221661710653
yellow	submissive	690.0	50.0	212.41666666666666	236.41666666666666	5355.508333350842	43.5	66.33333333333333	0.48212005077680237	0.5810444656000411	5.756221661710653
yellow	tense	690.0	50.0	185.78571428571428	267.35714285714283	4966.478571302922	57.857142857142854	53.0	0.41467605198609575	0.6558862778802071	5.810356430067012
yellow	unripe	690.0	50.0	213.15384615384616	197.6153846153846	4614.5846154005985	69.46153846153847	52.0	0.47427586131431887	0.461566710772257	5.8523498764039665
