color	adjective	rt_mean	neither_vs_both_mean	viz_vs_ling_mean	rt_sd	viz_vs_ling_sd	neither_vs_both_sd	rt_min	viz_vs_ling_min	neither_vs_both_min	rt_max	viz_vs_ling_max	neither_vs_both_max
black	active	5090.733333349072	0.5467226975693151	0.5955200329360927	2598.8953413278346	0.3191134542291471	0.3454795215259552	2202.70000000298	0.006507592190889371	0.03821656050955414	9940.399999976158	0.9751243781094527	0.9723618090452262
black	aggressive	4569.100000013442	0.554773869840124	0.5572863540293868	1962.535115610633	0.329028989391539	0.36372464466233323	2397.800000011921	0.0	0.019271948608137045	9765.5	0.9825870646766169	0.9748743718592965
black	alive	5079.242857170025	0.40668929840971646	0.5474284708758025	4118.734311669475	0.3340114877186035	0.26319720674360264	2668.599999904633	0.024282560706401765	0.009259259259259259	18982.0	0.9849785407725322	0.754424778761062
black	angry	5502.823076910339	0.5314030230174553	0.585132297300713	4426.967009562594	0.3456539834771736	0.36951124847827715	1936.60000000149	0.027522935779816515	0.002197802197802198	14149.100000023842	0.9752475247524752	0.9879518072289156
black	calm	5640.623076920147	0.45555539318343946	0.41272285275596743	2459.157236794648	0.3259515807222437	0.2968510991273148	3195.2000000178814	0.03211009174311927	0.02247191011235955	11332.900000035765	0.995	0.9437340153452686
black	clean	5487.123076923048	0.2983826161185781	0.4051561959939016	3274.966525802628	0.25279775095835294	0.28282273262781715	1841.60000000149	0.009950248756218905	0.0064794816414686825	11887.099999904633	0.9522776572668112	0.8844221105527639
black	cold	6628.953846170066	0.6422336408608357	0.5741820868120554	5520.170222398099	0.2693085891876868	0.3288602615582488	2433.800000000745	0.032640949554896145	0.014861995753715499	22794.0	0.9950617283950617	1.0
black	dead	5778.550000048775	0.6520656058804749	0.35306774940140356	3145.8521628658677	0.32552175003000916	0.19746050422031042	2446.099999904633	0.004842615012106538	0.4915254237288136	14892.200000286102	1.0	0.9872068230277186
black	dirty	5408.799999981546	0.6092959837349183	0.1988558818116857	3277.6259546018673	0.21664165001057933	0.25680818194264127	2797.300000000745	0.0	0.009732360097323601	14875.79999999702	0.5111111111111111	0.9472477064220184
black	dislike	5007.284615389295	0.6807024331851241	0.5738179345822606	2133.932491459781	0.25249012525971426	0.2890038553056834	1897.9000000022352	0.012875536480686695	0.06535947712418301	8342.400000095367	1.0	0.9953703703703703
black	dull	4640.733333480824	0.6526515774279656	0.5833707551854964	2861.134391102146	0.3210503667854486	0.2696404641740922	2355.699999999255	0.012552301255230125	0.027896995708154508	13750.10000038147	0.9862385321100917	0.9978213507625272
black	exciting	6029.873333297391	0.4875492913126031	0.6911912739509929	3261.090698461383	0.2809118700327877	0.2652012951308917	2438.0999999940395	0.027522935779816515	0.017167381974248927	14084.0	0.9644670050761421	0.8548009367681498
black	fast	5867.446666565786	0.4742101135284757	0.49717589386311895	2646.3591072279833	0.3739505222365561	0.32004632710278563	3272.4000000059605	0.0	0.02576112412177986	13315.5	0.9906542056074766	0.9887640449438202
black	fresh	6157.376923062982	0.35430208736645763	0.4034905120504773	3845.343586333252	0.3307821568573561	0.25239105426410224	2437.400000035763	0.0	0.021686746987951807	15575.900000002235	0.8738461538461538	0.7607655502392344
black	happy	5577.976923091767	0.38120431115251385	0.6176838444116005	3527.0060748294086	0.23253353949005356	0.3306560700858814	2237.60000000149	0.3333333333333333	0.0064794816414686825	16258.300000000743	0.9913419913419913	0.9762931034482759
black	hard	4737.053333404412	0.6084904722836415	0.6561626642819572	2191.1826730852476	0.3153159550516877	0.23422607609693413	2270.0	0.012552301255230125	0.019313304721030045	9196.399999976158	0.9954128440366973	0.9616368286445013
black	heavy	4438.3461539132095	0.5382764254028798	0.5856198006998965	1130.4651760020301	0.36245388998960226	0.21079026737689557	2446.4000000953674	0.004291845493562232	0.02570093457943925	6259.0	1.0	0.8758782201405152
black	hot	5459.100000004929	0.3043603108591651	0.43040654477871354	3167.052993709773	0.27767649326672206	0.2782319547810069	2707.800000000745	0.026706231454005934	0.02159827213822894	13914.89999999851	0.9717948717948718	0.8242280285035629
black	jealous	5544.923076946432	0.3924590997118735	0.6888260177399123	4629.3834152208465	0.21871627064430416	0.3333479863877145	2024.0	0.39425587467362927	0.017278617710583154	18996.09999999404	0.9970238095238095	0.9246231155778895
black	light	5325.535714307401	0.4723673751535061	0.4942565943866496	2367.2482270716687	0.3176449924811152	0.27795703271829586	2782.4000000953674	0.0	0.02546296296296296	10351.0	0.9719626168224299	0.9135514018691588
black	like	5270.553846177144	0.37596284228552646	0.521771501452402	3554.9689174993687	0.22445191024325367	0.3975946232636441	2179.800000000745	0.004975124378109453	0.01079913606911447	15566.0	0.9254901960784314	0.9762931034482759
black	new	3875.0384615380317	0.4389258310994642	0.47937775753133516	1188.989752225643	0.2985989765660378	0.3285252737410562	2047.199999999255	0.01728395061728395	0.02159827213822894	6388.599999999628	0.8787878787878788	0.9872068230277186
black	old	5170.299999972232	0.4441487229877198	0.4503057463310531	3789.9216658645946	0.2502622086986117	0.30767925424716946	2497.60000000149	0.032640949554896145	0.0	16320.0	0.8988095238095238	0.9850746268656716
black	passive	4996.358333306077	0.5751714278122548	0.6158256978895953	2391.0799000058178	0.29233758617088046	0.30787594870906115	2134.899999976158	0.06435643564356436	0.021231422505307854	9927.30000001192	0.9925373134328358	0.9678800856531049
black	relaxed	4281.8714286190225	0.3509184417161727	0.6845926623105557	1263.4964937606953	0.2105266551177735	0.3307953358925986	2619.3000000715256	0.4632768361581921	0.013071895424836602	6281.89999999851	0.9869109947643979	0.9803921568627451
black	ripe	6378.146153849585	0.4676419638598741	0.3614797644084078	4553.49130257856	0.2742825030078786	0.3191801570865766	2450.0	0.0045871559633027525	0.015021459227467811	17818.099999964237	0.7322654462242563	0.9932584269662922
black	sad	6219.392307675802	0.6357825783778417	0.5571404738215817	3494.9671246650537	0.3087173114389982	0.23215344079480066	2515.39999999851	0.01948051948051948	0.183585313174946	14085.0	0.9905882352941177	0.9914712153518124
black	selfless	5657.008333348048	0.4163115828659836	0.5843358140456323	3272.2033289927513	0.25409353526467365	0.3716429482992943	2849.199999988079	0.07425742574257425	0.01910828025477707	13343.10000000149	0.9850746268656716	0.9974874371859297
black	slow	5740.846666473057	0.4539800328670165	0.40033633717301986	3444.4939960998154	0.2867976188716551	0.2919351835139566	2446.5	0.027522935779816515	0.011235955056179775	16660.800000190735	0.9083769633507853	0.9411764705882353
black	soft	5352.546666760836	0.5220380230146209	0.662632614239614	3334.983598084972	0.2848978714426359	0.30665540163898647	3086.5	0.08368200836820083	0.02107728337236534	15694.900000095367	0.9954128440366973	0.9820971867007673
black	stale	5579.225000027567	0.36946663325278584	0.41658757297347854	2725.7757514957943	0.24565516227211992	0.2900964223007135	2015.9000000357628	0.0	0.01910828025477707	10641.39999999851	0.7734553775743707	0.9271356783919598
black	submissive	5103.841666655149	0.5236557820713285	0.6133070088657968	2305.3730979814077	0.23522203495665042	0.3022173623748965	2503.8999999910598	0.12376237623762376	0.0535279805352798	9540.70000000298	0.9601990049751243	0.9447236180904522
black	tense	6157.37142863843	0.5876726565053331	0.6770611785691759	4152.760069401522	0.27807570855577635	0.2375862564115344	2390.7000002861023	0.04194260485651214	0.027777777777777776	18032.0	0.981675392670157	0.976545842217484
black	unripe	5153.446153829412	0.4601212772779982	0.37380893118466607	2597.1348259996203	0.36303527154755966	0.25983052388433786	2710.099999997765	0.0	0.006741573033707865	10791.69999998808	0.9623430962343096	0.8725274725274725
blue	active	5080.391666646581	0.5258999135465444	0.5300007455030744	3002.6758876622057	0.3197645625080272	0.3319268035406569	2358.300000011921	0.0	0.025477707006369428	11243.39999999851	0.9681818181818181	0.9607329842931938
blue	aggressive	5326.699999963555	0.4588388485603187	0.547860182961202	3153.99790743052	0.2249131687700329	0.40746728378587216	2770.199999999255	0.08383233532934131	0.0170316301703163	13429.10000000149	0.9405940594059405	0.9593301435406698
blue	alive	3912.6928570667014	0.5619111361707728	0.5378179057234594	597.7691971591935	0.31727158984128295	0.25433691373128947	2599.199999809265	0.04415011037527594	0.0023148148148148147	4561.600000023842	0.9644670050761421	0.9929906542056075
blue	angry	5424.853846164026	0.47517016437892595	0.6823459857607734	2561.418045928531	0.2994711427601199	0.4010657901556261	2393.399999976158	0.022935779816513763	0.0	9484.900000002235	0.9554455445544554	0.9641943734015346
blue	calm	5198.09230771539	0.6547240375684957	0.44326822179175696	2342.234582068779	0.3497225462893333	0.27949960108051564	2915.0	0.011049723756906077	0.02247191011235955	9970.600000023842	0.985	0.9935622317596566
blue	clean	4950.676923057495	0.5440467046007013	0.38619607675133744	2742.692185932827	0.1789049862537178	0.369426307064321	2259.6000000089407	0.020771513353115726	0.010615711252653927	10841.60000000149	0.5372549019607843	0.9841986455981941
blue	cold	6195.058333347241	0.7218591593582245	0.4589035657417806	5083.106462035223	0.33211040072664855	0.20402000375648555	1850.4000000022352	0.017804154302670624	0.4946004319654428	20002.19999999925	0.9777777777777777	0.9808917197452229
blue	dead	5203.646666855861	0.5158352125561262	0.4824625787348546	3509.3799707992634	0.3756522617180091	0.29512925804056783	2349.4000000953674	0.013245033112582781	0.029213483146067417	15943.69999998808	0.9813084112149533	0.9914163090128756
blue	dirty	4584.353846139633	0.21948498234007582	0.3371126972174011	2392.5507854691277	0.1982640912798529	0.25478617386411534	2049.39999999851	0.0	0.008639308855291577	10619.60000000149	0.528395061728395	0.6884875846501128
blue	dislike	6427.069230756794	0.4294135761758632	0.5848026471337093	7101.262221069733	0.22745221500261756	0.3565033146379779	2102.800000000745	0.13333333333333333	0.006944444444444444	29330.0	0.9199134199134199	0.9049881235154394
blue	dull	5293.71333323447	0.54079517151137	0.6299136745251335	2416.519128716833	0.3460329381749509	0.28781578208350994	2473.0	0.01834862385321101	0.015730337078651686	11469.099999904633	0.9891304347826086	0.9694989106753813
blue	exciting	5790.459999890563	0.49742746387617465	0.40026295765798375	4534.1657358206785	0.30057162830049045	0.26501353145343637	2462.400000002235	0.022935779816513763	0.006741573033707865	20612.599999904636	0.9579439252336449	0.8546255506607929
blue	fast	5042.186666885329	0.493923145994743	0.5152272081614565	2289.797543835672	0.3412269041257612	0.2813618343797232	2216.300000000745	0.012552301255230125	0.02696629213483146	8393.900000095367	0.9813084112149533	0.9892703862660944
blue	fresh	6357.330769220797	0.47040577325482447	0.30558688959650476	4877.328655856647	0.2891600345074247	0.22279727928068033	2410.0	0.019801980198019802	0.011235955056179775	21149.0	0.7784615384615384	0.84688995215311
blue	happy	5296.384615368282	0.5795567299268064	0.5427254628269546	2410.148454584817	0.12093807852921795	0.4213576236025196	2428.39999999851	0.3234323432343234	0.013888888888888888	10367.0	0.7091988130563798	0.9849137931034483
blue	hard	4559.313333302426	0.5498738616045274	0.5957831411832839	1655.9008492854339	0.34110995990040166	0.32203215156853926	2727.899999976158	0.01834862385321101	0.01639344262295082	8409.899999976158	0.985981308411215	0.9847494553376906
blue	heavy	4548.542857027879	0.46103566589714257	0.6011560730922555	1345.2294571233103	0.28575972463862437	0.30379725222629966	2425.699999809265	0.12893982808022922	0.0117096018735363	7436.0	0.9796954314720813	0.9850746268656716
blue	hot	4828.515384605154	0.3148181251287193	0.43072942740960407	1975.0167821477373	0.23674696734461761	0.31247367992618647	1986.0999999977648	0.0	0.01079913606911447	8367.79999999702	0.93058568329718	0.8803611738148984
blue	jealous	5411.900000020718	0.32898425311809015	0.5508481751457348	2796.359935687724	0.17181865086540066	0.3572648014282553	2467.400000002235	0.39947780678851175	0.020454545454545454	12280.0	0.9434523809523809	0.9367945823927766
blue	light	4778.285714369001	0.5783931331278434	0.3720186503754817	1877.8437404611248	0.3723947521588413	0.1842670009346526	2719.800000190735	0.010822510822510822	0.2541966426858513	9247.0	0.9957081545064378	0.9906542056074766
blue	like	5555.35384615611	0.5383750506561015	0.6173450928046431	3335.1766741329902	0.25787312987868527	0.33727897879700797	2076.400000002235	0.012875536480686695	0.027777777777777776	13683.0	0.8813056379821959	0.9956427015250545
blue	new	5312.115384616665	0.47191317884283407	0.525319618257083	2233.1442112133323	0.22421347187108032	0.3469119274166759	1882.5999999977648	0.03560830860534125	0.013888888888888888	11024.900000000373	0.9137254901960784	0.9914712153518124
blue	old	3716.3615384679288	0.41405442325979824	0.5755890531202811	1109.1809572364816	0.2451619632504628	0.31361829478542375	2424.5	0.04451038575667656	0.009259259259259259	6294.0	0.9209876543209876	0.7622222222222222
blue	passive	5275.683333323337	0.46610897652694244	0.41818341778986823	3009.199342313452	0.2938041373706084	0.24789531542392781	2650.399999976158	0.07809110629067245	0.036093418259023353	12445.79999999702	0.9205128205128205	0.9346733668341709
blue	relaxed	4795.1499999870675	0.6777047199368509	0.4599258736186774	2450.4156782543814	0.30965389076334465	0.20108967590326765	2684.6000003814697	0.008830022075055188	0.46436781609195404	10364.30000001192	0.9607329842931938	0.9893390191897654
blue	ripe	5001.230769238399	0.523315460916529	0.4143332168997161	1417.2996362509311	0.32387336924224847	0.2623425577202427	3054.699999988079	0.009153318077803204	0.015021459227467811	7455.400000035763	0.981651376146789	0.8755458515283843
blue	sad	5214.176923084574	0.7872590995815008	0.5707318814853823	2511.5779084552632	0.23160390224862545	0.16324565915714137	2771.60000000149	0.09848484848484848	0.5032397408207343	11862.0	0.9497716894977168	1.0
blue	selfless	5817.261538427037	0.333764519713393	0.617105044070313	4238.368916725299	0.21236644730309737	0.34511507270450814	2017.10000000149	0.3309692671394799	0.016867469879518072	17208.0	0.9974358974358974	0.9525862068965517
blue	slow	4900.361538454066	0.5447600152822678	0.2618552540082677	2381.720290915841	0.25160126461478216	0.28851721390319796	2805.800000011921	0.015	0.02696629213483146	11778.19999998808	0.7630769230769231	0.9914163090128756
blue	soft	5025.539999963933	0.5803069918542829	0.5807874166842578	1988.6114903564242	0.3470917863593678	0.2710529303187058	2349.9000000953674	0.013043478260869565	0.020224719101123594	9167.09999999404	0.975	0.9820971867007673
blue	stale	7024.158333376671	0.29730487262663463	0.4908962042346045	5054.481879623449	0.21651716126371165	0.24516210707241062	1979.6000000238416	0.05454545454545454	0.019271948608137045	15808.80000000447	0.8741418764302059	0.6527093596059114
blue	submissive	5213.64999998097	0.524459397305907	0.5841805798682118	2666.581268729766	0.30146462825857534	0.2803210057270562	2494.1000000089407	0.0891089108910891	0.03855421686746988	9989.0	0.9869848156182213	0.9641148325358851
blue	tense	4378.7357141162665	0.44953397335223183	0.5715108279538843	1578.2342611245722	0.19749434693379592	0.3365485552924136	2382.099999904633	0.23160173160173161	0.009259259259259259	7625.0	1.0	0.9829424307036247
blue	unripe	4693.453846131021	0.4909297228502333	0.45246608930477933	1837.568032144421	0.390904892552364	0.25595610538612823	2128.5	0.0	0.012875536480686695	8562.300000011921	0.9805013927576601	0.8065934065934066
brown	active	5044.983333296764	0.42484841777673127	0.5369867068292352	2875.997534103021	0.22664895786378045	0.36276336875206144	2292.6000000089407	0.09761388286334056	0.0024330900243309003	10786.199999999257	0.9603960396039604	0.9723618090452262
brown	aggressive	5234.541666636709	0.5580852528487253	0.6078960062097126	3582.884137757332	0.34556053043226204	0.31376673714790937	2543.0	0.0	0.01910828025477707	15526.70000000298	0.9801980198019802	0.9476439790575916
brown	alive	5735.992857431062	0.41255049795049514	0.49789472703202053	3206.3286470637054	0.3554562213867561	0.24387575719377103	3071.300000190735	0.012987012987012988	0.011574074074074073	13410.0	0.9766355140186916	0.8612334801762115
brown	angry	4795.723076905159	0.44878072850687273	0.6221224220138978	1840.1307155355407	0.3126549150061346	0.39360010740337564	3014.60000000149	0.009174311926605505	0.013186813186813187	9299.099999964235	0.96	0.979539641943734
brown	calm	4481.784615383914	0.48830904331036773	0.5384528636158497	1730.629272274632	0.344834490859838	0.3129747954211168	2375.10000000149	0.013761467889908258	0.008988764044943821	7839.600000023842	1.0	0.9593301435406698
brown	clean	5972.923076940414	0.37279613423171265	0.3763259383308254	6313.914735604624	0.1651741672404556	0.3758233766518592	2506.5	0.03857566765578635	0.012958963282937365	25739.0	0.5295508274231678	0.9447236180904522
brown	cold	4367.784615400748	0.31796650688916756	0.46088882628496886	2262.421734872166	0.1859148524428471	0.3675086314663938	2331.199999999255	0.04154302670623145	0.0064794816414686825	9969.39999999851	0.8850325379609545	0.964824120603015
brown	dead	6297.685714370838	0.5868319440487378	0.3325813383429757	5075.903133678731	0.3229441195367315	0.17546765444316745	3123.0	0.0	0.2567237163814181	23383.30000001192	0.9532710280373832	0.9914712153518124
brown	dirty	6293.669230769603	0.6955528602310204	0.4144157428367548	3715.078548193086	0.3619844064054531	0.21441673670424902	2503.800000000745	0.0	0.46984924623115576	13277.300000190737	0.9913232104121475	0.9851380042462845
brown	dislike	4700.576923096409	0.6204403412904852	0.4583959143061307	2009.689026178278	0.25352060547583827	0.2783786259577915	2556.10000000149	0.0593607305936073	0.013888888888888888	10035.0	0.8506666666666667	0.9977426636568849
brown	dull	5062.1666666129295	0.5623828795625947	0.5182615323445025	1786.328114004662	0.3795533418231983	0.2698920506596124	2604.599999904633	0.008368200836820083	0.011235955056179775	9829.899999976158	0.9813084112149533	0.98068669527897
brown	exciting	6699.279999746289	0.38359709410757337	0.6035714902428853	7108.005564990488	0.3548740057770896	0.2656115540457002	2241.10000000149	0.009174311926605505	0.0	28902.400000035763	1.0	0.7009569377990431
brown	fast	4676.353333375448	0.39165970229505703	0.4581106185507933	1877.084683342441	0.34803097834297864	0.277793988844004	2375.0	0.008830022075055188	0.01639344262295082	8002.600000143051	0.9796954314720813	0.8505747126436781
brown	fresh	5629.246153864437	0.4584460405921117	0.33677091745557164	4120.632962422285	0.24890300951871258	0.27552064059237596	2406.0	0.03211009174311927	0.012875536480686695	14817.399999976158	0.7323076923076923	0.8660287081339713
brown	happy	4142.992307692202	0.37939032285843566	0.5967152762192716	1750.2187208374519	0.2486440228871419	0.35694026416372787	2161.5	0.10864197530864197	0.019438444924406047	8923.79999999702	0.9721030042918455	0.9698275862068966
brown	hard	4099.392857254549	0.5858050103988967	0.6227891705688681	1085.715473803546	0.3729579015064033	0.3124051516670851	2176.5	0.008695652173913044	0.017977528089887642	6120.700000047684	0.9906542056074766	0.9836065573770492
brown	heavy	5539.842857137984	0.5500968701764063	0.5648263180369383	2599.856776172516	0.33780533767347953	0.211159527621643	2298.3999999910598	0.021176470588235293	0.08644859813084112	11457.999999999942	0.9873096446700508	0.9872068230277186
brown	hot	4208.4461538237165	0.2941869384556094	0.47434417701314996	1618.447973935663	0.18810246442080866	0.3267086637822832	2012.5	0.05934718100890208	0.0267639902676399	6697.0	0.9349240780911063	0.9221105527638191
brown	jealous	4306.29230768821	0.34217072101078655	0.6321094006229745	1384.075575051531	0.23271314193853523	0.35244447157757275	2362.39999999851	0.31683168316831684	0.019464720194647202	6331.29999999702	0.9587852494577006	0.949748743718593
brown	light	5389.964285781075	0.39396179824338784	0.6541184069888254	3330.2265882375114	0.2374095275887379	0.31175617765369534	2022.4000000953677	0.21428571428571427	0.02107728337236534	15544.900000095367	0.98068669527897	0.8517699115044248
brown	like	5794.161538476268	0.4522671757238831	0.5350035306630664	4705.014726779878	0.25631377466420774	0.3694555264128003	2198.599999997765	0.0021645021645021645	0.008639308855291577	20303.0	0.9426934097421203	0.9850746268656716
brown	new	5852.123076902837	0.3093136956402248	0.5020633249791896	5824.713765246769	0.2183475759752966	0.3346584840507245	1832.3999999985097	0.026706231454005934	0.0	23913.999999999884	0.9686274509803922	0.9808102345415778
brown	old	4440.338461554972	0.6349213856939513	0.3297537757925956	1163.9548871045056	0.2922970962919999	0.16340695169879305	2858.5	0.004705882352941176	0.43555555555555553	6769.0	0.8431372549019608	0.9936034115138592
brown	passive	4925.83333336267	0.41335356954538477	0.5967209439892318	2388.1844897037336	0.2629011005881606	0.33966297642571885	2399.5999999940395	0.06435643564356436	0.008492569002123142	9651.39999999851	1.0	1.0
brown	relaxed	5148.492857061991	0.4658400098613245	0.5305304584455206	2108.7975679310175	0.27273822800762676	0.27778249283488754	2658.3999996185303	0.08388520971302428	0.009259259259259259	8705.699999809265	1.0	0.9914712153518124
brown	ripe	5872.215384579944	0.5384657112833632	0.30613193214134693	3689.156916291932	0.32219898582282724	0.2365445490076373	2482.89999999851	0.0049504950495049506	0.02575107296137339	14328.899999856949	0.9246861924686193	0.9640449438202248
brown	sad	5875.861538461642	0.3728942406929963	0.6579935826785253	5003.735731852934	0.2329302818703387	0.30482427657592964	1974.9000000022352	0.1782178217821782	0.016203703703703703	20494.19999999925	0.9871244635193133	0.8642241379310345
brown	selfless	4626.591666663687	0.4034701749921404	0.4806512173093565	2049.612886931635	0.1595451952479135	0.35687882013712485	2640.900000035763	0.039603960396039604	0.007389162561576354	9002.29999999702	0.7254004576659039	0.9547738693467337
brown	slow	5225.707692314298	0.46889729305877115	0.32758331798093504	2770.938029624811	0.2808791570664066	0.2914508011815903	2390.599999997765	0.01485148514851485	0.02145922746781116	10306.39999999851	0.8023952095808383	0.9532019704433498
brown	soft	5460.160000232141	0.5378290278745562	0.5840882465541561	4154.974071266257	0.3227711001525459	0.3641824884773086	2086.800000000745	0.013761467889908258	0.00468384074941452	17867.899999976158	0.9790575916230366	0.9932584269662922
brown	stale	5104.066666657261	0.44927454682039997	0.49495171500191226	3635.2531116949863	0.24596370850372873	0.32921823575027914	1865.5	0.10891089108910891	0.031630170316301706	14959.09999999404	1.0	0.9862385321100917
brown	submissive	6289.75833332492	0.38181475706666174	0.6036252788937398	4689.822254527177	0.2774535373357582	0.34562673329266536	1716.300000000745	0.034653465346534656	0.027837259100642397	18256.0	1.0	0.9665071770334929
brown	tense	6062.028571692819	0.41969940032743974	0.6761659766533757	4506.460805241854	0.20786052556514306	0.30879664906381793	2670.2999999523163	0.48497854077253216	0.0	20647.599999904636	0.985981308411215	0.9637526652452025
brown	unripe	6591.646153859472	0.5051302946436321	0.4591649509486969	3271.686338258609	0.36987011144299026	0.28403566935953084	2617.200000047684	0.00909090909090909	0.015730337078651686	12045.0	0.9665271966527197	0.9828326180257511
green	active	5951.383333369003	0.5970826473673653	0.4006059363649854	3723.995994468938	0.3649348001307589	0.2463142328389431	2312.899999976158	0.021691973969631236	0.027600849256900213	15848.19999999553	0.9897435897435898	0.9210526315789473
green	aggressive	5297.825000002359	0.41132146867974556	0.44886266610150843	3189.1681574539466	0.24811127603059865	0.3652412244278307	2391.300000011921	0.05491990846681922	0.016985138004246284	14228.09999999404	0.9405940594059405	0.9296482412060302
green	alive	6448.435714327597	0.5799240187290302	0.2684111958195174	6494.009023433439	0.32814509985393636	0.19725404409659467	2111.0	0.0	0.289760348583878	28299.60000002384	0.9626168224299065	1.0
green	angry	5495.6153846235875	0.589336153254368	0.6728209903130069	2750.7058599678558	0.3322660755034332	0.3428654450515463	2217.2999999821186	0.027522935779816515	0.004395604395604396	11532.5	0.9956521739130435	0.959079283887468
green	calm	5746.6230769065	0.5352879973882366	0.3298599230560652	2820.782730390126	0.2743911692906758	0.28197473767009834	2060.800000000745	0.008368200836820083	0.017977528089887642	10499.700000047684	0.7305389221556886	1.0
green	clean	4714.27692306142	0.5260066979056159	0.3560114341199434	2741.6289157910396	0.2676599434480343	0.32735109039642535	2048.300000000745	0.009876543209876543	0.01910828025477707	12885.29999999702	0.8767123287671232	0.983132530120482
green	cold	5847.0692307749905	0.3024781100399364	0.5344815888187417	3050.576479503476	0.2521270877264703	0.30129945445636175	2144.89999999851	0.02967359050445104	0.00909090909090909	12178.0	0.9414316702819957	0.8408551068883611
green	dead	4727.707142974915	0.3448536984808853	0.5037948017877711	1983.0957738118889	0.3415841603597865	0.21343546031749136	3135.300000000745	0.031476997578692496	0.0	9833.100000023842	0.9873096446700508	0.5566502463054187
green	dirty	5114.076923032219	0.42255463705864127	0.3313240938517329	4118.97297519683	0.22090551804585684	0.3802091128529458	2618.2999999988824	0.0	0.010615711252653927	14685.89999999851	0.5390070921985816	0.9566265060240964
green	dislike	4485.784615372522	0.41929035331600206	0.48756070623718484	1849.8055081323557	0.2191538583876493	0.3651410958457378	2248.79999999702	0.18024691358024691	0.01079913606911447	9434.199999809263	0.8516320474777448	0.9893390191897654
green	dull	5693.879999932771	0.46043885022425457	0.6135564836805981	2427.2399093490203	0.34562294522004816	0.2940977779106128	2899.5999999940395	0.01834862385321101	0.01348314606741573	10769.899999856949	1.0	0.9386189258312021
green	exciting	5885.219999848399	0.6066841177300849	0.5453044035037714	3435.8740790123306	0.36066247689322095	0.26163771129697283	2675.0	0.024154589371980676	0.017977528089887642	12964.099999964235	1.0	0.9956427015250545
green	fast	5430.126666706304	0.45520348976773917	0.44100065122582294	2492.2801921493688	0.3895379412050659	0.2396764070684583	2809.1000003814697	0.03	0.02247191011235955	11115.5	0.9869565217391304	0.8205741626794258
green	fresh	5320.330769220976	0.7289197678202655	0.4814411297538159	2736.3894494569836	0.3360010745726777	0.2101143107524095	1991.0	0.027522935779816515	0.48086124401913877	9669.80000001192	0.95	0.9914163090128756
green	happy	4865.699999984649	0.5962480797442129	0.5147042070090473	4102.928878858537	0.2900877420521977	0.2618601765421207	2054.199999999255	0.004705882352941176	0.09772727272727273	17989.0	0.8858447488584474	0.9806034482758621
green	hard	4834.5199998254575	0.6163664119742099	0.5660665018037828	2526.744040740302	0.3489620374582304	0.3044248677920419	2042.5	0.01956521739130435	0.00936768149882904	12309.19999998808	1.0	0.9934640522875817
green	heavy	4417.471428494368	0.3106547513912107	0.632470292716935	1343.167019468	0.26520473735565947	0.2744909167514855	2734.5	0.12994350282485875	0.00936768149882904	7974.90000000596	1.0	0.906318082788671
green	hot	4510.730769237934	0.3601625139871578	0.40278580138684345	2502.419628537717	0.16478764498280454	0.37777540513162927	1855.29999999702	0.032640949554896145	0.0	10195.70000000298	0.5411764705882353	0.9597989949748744
green	jealous	4886.42307695159	0.6043050906236409	0.9097250902337352	2303.3168899272855	0.14961136145762138	0.16710844294727606	1934.5	0.5059101654846335	0.48812095032397407	10621.60000000149	1.0	0.9719827586206896
green	light	6789.978571355335	0.5131424662069419	0.4262127261648207	4660.64749799666	0.33486615278401977	0.26296267050744804	2630.599999904633	0.0	0.011574074074074073	20473.5	0.977924944812362	0.9744136460554371
green	like	5485.333333346833	0.5476842403413346	0.4488358572918682	4586.072915071396	0.3223694589251596	0.26899559323711547	2033.199999999255	0.02823529411764706	0.05227272727272727	18726.0	0.9372549019607843	0.9722814498933902
green	new	5860.315384634708	0.648386640838122	0.3806803091524882	2961.341958427439	0.33788317614355073	0.23542205123469112	2125.300000000745	0.0	0.24838012958963282	13310.299999998882	0.9670588235294117	0.9872068230277186
green	old	4581.96923075817	0.37972936127262125	0.5633758885043464	2564.920773107726	0.28558467471666266	0.30226795540848317	2065.5	0.05341246290801187	0.012958963282937365	10862.0	1.0	0.9525959367945824
green	passive	5421.724999975103	0.5272306225239424	0.4710724558297712	4026.263030101071	0.316450912128828	0.2943542902064798	2375.70000000298	0.014925373134328358	0.027600849256900213	16647.79999999702	0.9772727272727273	0.9688995215311005
green	relaxed	5282.738461683294	0.5888234607470996	0.5694036445502485	1647.8134588589319	0.20437012250169057	0.28052926642072856	3300.900001525879	0.1822429906542056	0.058823529411764705	8571.199999988079	0.8534031413612565	0.9850746268656716
green	ripe	5192.492307681662	0.5736590420926265	0.31208640272105365	2358.042714663135	0.30244638552285225	0.2381499242465445	2137.599999997765	0.01020408163265306	0.006437768240343348	9135.200000047684	0.9330543933054394	0.9887640449438202
green	sad	5013.084615388608	0.3301507034065859	0.5626548163069716	2798.799505995372	0.29463298688092493	0.3064052494632437	2603.5	0.1130952380952381	0.018518518518518517	12961.20000000298	0.9885386819484241	0.9461206896551724
green	selfless	5639.175000049018	0.48630785634544793	0.5354523403413958	3280.0416435843945	0.26695987509638025	0.3528277189803453	2210.899999976158	0.0691358024691358	0.03132530120481928	12694.5	0.9090909090909091	0.9785867237687366
green	slow	4887.692307705597	0.4888826956356479	0.3914285683905955	3207.3650003905004	0.30412425124773557	0.29118108009158666	2263.099999997765	0.02092050209205021	0.012048192771084338	11992.100000023842	0.8342541436464088	0.8596059113300493
green	soft	6673.193333397775	0.5240233697480033	0.4174208731615042	6405.840909291118	0.34666920577953086	0.23424958609720947	2621.699999999255	0.010869565217391304	0.020224719101123594	27293.0	0.9668874172185431	0.8547215496368039
green	stale	5530.775000016671	0.500605466400705	0.4511033043635319	3176.713786889241	0.26326923968199867	0.3102920211875251	2743.899999976158	0.05223880597014925	0.031630170316301706	11745.0	0.88558352402746	0.9747706422018348
green	submissive	5930.83333331331	0.41087892805165954	0.5146050258497034	4007.196401774298	0.22125037233118922	0.2962368240800555	3006.60000000149	0.15841584158415842	0.027600849256900213	13320.099999964235	0.9234567901234568	0.9170854271356784
green	tense	5313.200000053804	0.43236372214748514	0.6388771450232719	4070.986210455493	0.23417934787809225	0.3266475992103427	2739.099999904633	0.12994350282485875	0.002178649237472767	17830.0	0.9903147699757869	0.9808102345415778
green	unripe	8455.346153850453	0.6437430666006642	0.32771377486796227	6395.243587191763	0.3311891790079866	0.21478664206173673	2539.699999988079	0.017857142857142856	0.37336244541484714	27817.700000047684	0.9748953974895398	0.9935622317596566
orange	active	4967.016666682437	0.539350573086952	0.6300186239410207	2671.916175128568	0.2919625547301371	0.32552180680731063	2223.39999999851	0.05422993492407809	0.05542168674698795	11006.79999999702	1.0	0.9502617801047121
orange	aggressive	6310.083333342026	0.5941065819332741	0.6065835131024252	4727.921924032678	0.3064942436333934	0.3223268608262006	2741.199999999255	0.039045553145336226	0.02891566265060241	16296.40000000596	0.9554455445544554	0.9617224880382775
orange	alive	5620.035714384435	0.5164007928588128	0.4871227437602443	2568.874246805689	0.2799337548031154	0.2748895486555262	2877.5	0.017660044150110375	0.004629629629629629	11186.899999976158	0.9297820823244553	0.9936034115138592
orange	angry	5017.453846135212	0.5755701447672565	0.6791926661342003	2814.3546837892413	0.30566915535773	0.30865280299060216	2037.699999999255	0.1	0.004395604395604396	12408.900000035765	0.9954128440366973	0.9515011547344111
orange	calm	4724.253846155336	0.4423801777776916	0.37316362209645065	2465.052817410895	0.35003362135049876	0.23532880577415846	2318.0	0.016736401673640166	0.033707865168539325	9303.599999964235	0.9956521739130435	0.854066985645933
orange	clean	3697.146153850481	0.3409383921567955	0.41556709876614534	1388.0233196930424	0.14815906942617071	0.42122895103564933	2069.199999999255	0.02967359050445104	0.009174311926605505	7622.20000000298	0.5176470588235295	1.0
orange	cold	5034.484615396565	0.27543004728562404	0.46744007789902015	2836.0441421875335	0.19506319179588733	0.33145173708885783	2553.0	0.03560830860534125	0.023758099352051837	10202.199999999257	0.9349240780911063	0.981941309255079
orange	dead	5404.628571653606	0.4379216497377324	0.5994356498128676	2430.000817203431	0.35295811398455634	0.20290459051366486	2329.599999904633	0.013245033112582781	0.004629629629629629	11334.900000095367	0.985981308411215	0.7334801762114538
orange	dirty	5172.26923078055	0.23848436603563952	0.3005728069050033	3745.483496686452	0.2182121001158382	0.26169796704111326	1912.0	0.0	0.019438444924406047	14546.0	0.502283105022831	0.7042889390519187
orange	dislike	5841.1999999729005	0.47115146167749966	0.5960097072965452	4052.928560935568	0.18866475773998842	0.3926495932202835	2268.39999999851	0.28052805280528054	0.032397408207343416	15067.0	0.9318181818181818	0.9722814498933902
orange	dull	5177.673333460248	0.4216114033210543	0.6030583349190856	2989.72520622386	0.3531508544001195	0.2922107329453693	2695.099999997765	0.0	0.0117096018735363	13384.19999998808	0.98	0.9411764705882353
orange	exciting	5762.300000121692	0.5750447658138313	0.48204843267383696	4209.041938453456	0.3652025967988931	0.23300095497289247	2719.599999904633	0.013761467889908258	0.01348314606741573	17686.400000035763	0.937046004842615	0.9978540772532188
orange	fast	6609.633333422802	0.48723780980571724	0.2782240187985703	5824.749536143518	0.2630112994056409	0.2087210665737313	2470.1000003814697	0.0	0.017167381974248927	24931.0	0.9678899082568807	0.947136563876652
orange	fresh	5025.43846154761	0.5509009114636734	0.35548057548683876	2898.5543478623185	0.288427000722031	0.2806488973740604	1998.0	0.01834862385321101	0.017977528089887642	11407.69999998808	0.8369230769230769	0.9914163090128756
orange	happy	5100.799999988414	0.5449894297433914	0.5655532454014909	2731.3385164910846	0.25765669166791705	0.3872918641541645	2226.599999997765	0.023529411764705882	0.038876889848812095	10670.999999999884	1.0	1.0
orange	hard	5345.966666714661	0.6014815923265434	0.5560637354964304	2600.8698370656857	0.2915807185911761	0.3424392100467584	3367.2999999821186	0.012552301255230125	0.015730337078651686	12576.399999976158	0.9719626168224299	0.9935622317596566
orange	heavy	4976.257142935081	0.43820583635468946	0.5828954614033351	1940.2128577186159	0.278275882633026	0.32349074285053875	2671.0999999940395	0.043583535108958835	0.0	9192.100000023842	0.9719626168224299	0.9786780383795309
orange	hot	6464.24615385369	0.6386119214697372	0.4136082329027249	3446.0698734400553	0.2890278518325839	0.28447424759228346	2270.5	0.004975124378109453	0.03636363636363636	13864.10000000149	0.9869848156182213	0.9927007299270073
orange	jealous	4329.900000001376	0.34888762916411403	0.6307648032017253	1300.779217765136	0.2283404267828533	0.3570080341882964	2887.899999856949	0.3234323432343234	0.02159827213822894	6512.0	0.9553571428571429	0.964824120603015
orange	light	6487.578571752246	0.5348600265437552	0.47574763272674236	4897.347417607063	0.27521110502250085	0.27576151211290756	2712.9000000953674	0.0847457627118644	0.009259259259259259	18578.80000001192	0.9848484848484849	0.9829424307036247
orange	like	5557.461538460536	0.3705624597195282	0.4813785400886897	4007.7801907749854	0.19208766025483795	0.3813624102618674	2520.300000000745	0.0	0.031818181818181815	14487.0	0.8627450980392157	0.978448275862069
orange	new	5889.50000001562	0.39783315343750225	0.5121701759461955	6487.05029025404	0.3068216136426478	0.3192926490897049	2222.60000000149	0.011869436201780416	0.0064794816414686825	26254.00000000003	0.9821428571428571	0.9808102345415778
orange	old	5274.069230747481	0.3214758894362191	0.6105432931678403	2321.6109422944764	0.27742005985314616	0.2870429993696539	2198.39999999851	0.03857566765578635	0.004319654427645789	9854.800000000743	1.0	0.7674943566591422
orange	passive	4368.041666681257	0.4199462185608964	0.6224983348492263	1634.3474474459736	0.26554696912892345	0.30469336542642117	2331.5	0.054455445544554455	0.02335456475583864	7531.0	0.9848156182212582	0.9296482412060302
orange	relaxed	4230.485714201017	0.48887060992395687	0.5371436567793343	1054.3642048998342	0.360365464399975	0.1736861648940123	3043.599999904633	0.07246376811594203	0.011574074074074073	6827.399999856949	0.9978540772532188	0.748898678414097
orange	ripe	5005.869230772189	0.5087726962358881	0.308031650958819	2369.4093801478766	0.3169603591636793	0.21492454798309946	2034.899999976158	0.003076923076923077	0.020224719101123594	8250.0	0.9665271966527197	0.8373626373626374
orange	sad	3819.561538458157	0.39437858494469613	0.5689512445961713	1208.128862831042	0.2578353141730436	0.32768608091464974	2525.300000000745	0.07142857142857142	0.006944444444444444	6092.0	0.9656652360515021	0.9439655172413793
orange	selfless	6578.274999963895	0.34627660104387664	0.5543794599445384	6145.2785342903935	0.2772526611294199	0.34829119987166934	2349.79999999702	0.07425742574257425	0.016985138004246284	24587.0	1.0	0.9521531100478469
orange	slow	5588.540000063088	0.4962126409851256	0.5626705508028776	2682.481183701722	0.33866077291169366	0.2867010361644953	2425.89999999851	0.004415011037527594	0.01405152224824356	10603.30000001192	0.985981308411215	0.9140969162995595
orange	soft	4398.133333269724	0.44113689885420737	0.5608039972699174	1910.4493782218476	0.259946887297088	0.3718362444291959	2144.900000002235	0.013761467889908258	0.002178649237472767	8816.099999964237	0.98	0.969309462915601
orange	stale	6647.100000014063	0.29366207626978236	0.4730771003205671	5446.859365137622	0.3138208928104911	0.22335207907934843	3172.5	0.0	0.010615711252653927	22251.0	0.9520958083832335	0.5419501133786848
orange	submissive	4901.666666679084	0.4369889338491297	0.5170874179517049	3754.7578361261003	0.27762677049758955	0.3434090128836294	2367.0	0.0594059405940594	0.014861995753715499	15738.200000047684	0.9590909090909091	0.9712918660287081
orange	tense	4753.757143079303	0.5743179396199701	0.6431665857556992	1648.9934280481746	0.237742420257283	0.31244800219332564	2230.0	0.19480519480519481	0.01873536299765808	7699.700000047684	0.9626168224299065	0.9893390191897654
orange	unripe	5524.738461553585	0.5398139191956588	0.3569380940701305	3511.7598267565586	0.36388453851741337	0.2128823183228319	2420.89999999851	0.008695652173913044	0.015730337078651686	11659.80000001192	0.9290617848970252	0.8967032967032967
purple	active	5186.624999957625	0.49563352305409847	0.5094921026789102	2357.277836522394	0.3177414302532001	0.33940113806239275	2087.5	0.03470715835140998	0.029723991507430998	9692.0	0.9888579387186629	0.9748743718592965
purple	aggressive	5781.166666606286	0.5345101013736175	0.5623061658476802	4260.185559851202	0.31089055296045176	0.35927035200317925	2135.29999999702	0.036613272311212815	0.0267639902676399	16091.899999976158	0.9875621890547264	0.9712918660287081
purple	alive	5981.6857141565	0.39993553838962653	0.41608117798138183	3424.23508292831	0.2716495964626584	0.2671754458500853	2490.599999904633	0.008830022075055188	0.007334963325183374	14893.0	0.9733656174334141	0.9559471365638766
purple	angry	6252.007692318338	0.49865699806994396	0.6911051552391303	3806.9368958484306	0.34181508709162045	0.3473041882265638	2342.39999999851	0.045871559633027525	0.0	14960.599999964235	1.0	0.9784688995215312
purple	calm	5001.684615406387	0.5436232362208282	0.4956626188565735	2480.0237175861193	0.3828956664412504	0.301205079980794	2504.2999999988824	0.008695652173913044	0.017977528089887642	10402.600000023842	0.9727272727272728	0.979539641943734
purple	clean	4149.523076927862	0.23712860699697685	0.3660895103001186	1410.166582446359	0.2517080072269935	0.2694737882829147	2052.400000002235	0.02373887240356083	0.008639308855291577	6484.20000000298	0.8627450980392157	0.7494356659142212
purple	cold	4738.323076898376	0.3133974087646242	0.46037409603400203	2326.8105946757505	0.2657012150230284	0.30143670718422816	2352.699999999255	0.02373887240356083	0.008639308855291577	9918.0	0.9414316702819957	0.9002375296912114
purple	dead	5046.8466666393915	0.5058970548875786	0.4838629133323753	1507.0841083938376	0.36266761038810763	0.3421143907848224	2832.7000000011176	0.012552301255230125	0.02810304449648712	8084.5	0.985981308411215	0.9871244635193133
purple	dirty	5312.576923098845	0.3192561421397408	0.4090117220023778	3687.0259813088405	0.2494534215431335	0.3383264931237012	2060.800000000745	0.020771513353115726	0.01818181818181818	16141.200000001118	0.9294117647058824	0.949748743718593
purple	dislike	6789.33846154852	0.39791295077535255	0.5581289341630948	5889.964158141042	0.21356518847111913	0.38026534452399136	2382.199999999255	0.23511904761904762	0.0021598272138228943	22691.0	0.8823529411764706	0.9808102345415778
purple	dull	5095.473333295186	0.3746666284004038	0.56611888163034	2341.274955569483	0.31370621547603056	0.32734803170459215	2635.2999992370605	0.008368200836820083	0.011235955056179775	11616.399999856949	0.9830508474576272	0.9514066496163683
purple	exciting	5885.513333484344	0.5599724095555362	0.44333903641455735	4783.990105158597	0.31587029343354206	0.28023688025261567	2338.0	0.022935779816513763	0.017977528089887642	20867.30000001192	0.9948979591836735	0.9477124183006536
purple	fast	4403.9733332607275	0.4193506822847268	0.447278061718147	1106.6035175667596	0.30656718144523143	0.3117834062229858	3096.800000000745	0.015	0.015021459227467811	6914.0	0.9906542056074766	0.9301204819277108
purple	fresh	5987.007692321813	0.5103759773480001	0.3597633733235393	3373.2279158887604	0.30370571211814007	0.2592755340880034	2562.60000000149	0.009174311926605505	0.01348314606741573	13575.700000047684	0.7727272727272727	0.8660287081339713
purple	happy	5333.215384620743	0.47232953619172474	0.5399104152044053	3287.1335995660556	0.2150274076994653	0.35633673049820414	2637.099999997765	0.2113095238095238	0.020454545454545454	12567.0	0.8666666666666667	0.9892241379310345
purple	hard	4777.946666714208	0.576004247279094	0.5402479112488339	2342.0401036473177	0.2697925328548566	0.33015376414053776	2335.4000000059605	0.01834862385321101	0.015021459227467811	9766.200000286102	0.9766355140186916	0.9847494553376906
purple	heavy	5904.450000033315	0.4655606555121517	0.6377292081108438	3657.3477165290246	0.21651839256110297	0.3137963044529762	2717.89999999851	0.327683615819209	0.018518518518518517	16143.0	0.9644670050761421	0.9829424307036247
purple	hot	4782.592307686662	0.24702535652848892	0.47382488929243455	2878.530712428028	0.22174183027032737	0.3027249176194357	2629.5	0.02373887240356083	0.0	13344.60000000149	0.8937093275488069	0.8456057007125891
purple	jealous	5622.9384615737945	0.41993012727317514	0.6879865859128567	3048.0857530246626	0.21800391185818585	0.3519282439517449	2372.39999999851	0.4046997389033943	0.027600849256900213	12834.0	1.0	0.9719827586206896
purple	light	4686.550000052234	0.5612275868395743	0.558466358506348	1859.0342475570947	0.3307602364841552	0.2003018605368824	1998.5	0.04	0.19184652278177458	8352.200000286102	1.0	0.9719626168224299
purple	like	6579.115384612805	0.4613692047149268	0.514896385696307	5584.527064402694	0.25485499785858184	0.36315324778186575	2885.0	0.008658008658008658	0.018518518518518517	23535.0	0.9090909090909091	0.9893390191897654
purple	new	5312.041666674438	0.4097214565882879	0.5606186913739493	3974.9432763105565	0.2505826026659892	0.37866456961009826	2128.599999997765	0.03857566765578635	0.018518518518518517	13812.000000000116	0.9407407407407408	0.9850746268656716
purple	old	5627.961538452508	0.31141890756855645	0.535751370937628	3891.2388553272626	0.2262159333317409	0.3525774669688675	1981.699999999255	0.050445103857566766	0.0	15679.0	0.9058823529411765	0.9934640522875817
purple	passive	4783.366666687187	0.3613683477854534	0.41823706733777105	1699.4254212410112	0.25434493568876	0.26647319776001416	2546.300000011921	0.024752475247524754	0.029723991507430998	8322.099999999627	0.8850325379609545	0.8190954773869347
purple	relaxed	5499.485714467642	0.44321584792863783	0.6796889413224336	3154.7535465391097	0.2968486819676871	0.26534923550070694	2368.79999999702	0.050724637681159424	0.010893246187363835	13255.400000095367	1.0	0.9872068230277186
purple	ripe	5330.099999982649	0.4955656833681291	0.3048134039154851	2825.7200860940325	0.3289671603670024	0.2295998745145997	2371.399999976158	0.0	0.02145922746781116	10956.099999964235	1.0	0.8014354066985646
purple	sad	5092.346153836545	0.5004355558392904	0.5516774503300328	2088.813006484245	0.2720988594713376	0.36184540264079107	1755.300000000745	0.08395061728395062	0.009259259259259259	8647.29999999702	1.0	0.9722814498933902
purple	selfless	5328.630769246043	0.2655283860415447	0.5636262683803355	3446.243806996422	0.1905914283167059	0.32680240570445757	2459.0	0.32673267326732675	0.02335456475583864	13915.0	0.9880952380952381	0.9806034482758621
purple	slow	4964.392307716601	0.3871892248152738	0.30253343903255125	2512.317316548358	0.2316013494989567	0.2653102833773967	2104.0	0.01	0.015021459227467811	9736.900000035765	0.6646706586826348	0.7655502392344498
purple	soft	5508.846666517637	0.5233368401970184	0.5044914070655747	2030.763789425116	0.3827921503866445	0.3058857638712402	2275.5	0.013043478260869565	0.00936768149882904	8483.700000047684	0.9906542056074766	0.9718670076726342
purple	stale	5482.891666649841	0.3515652484012733	0.4654878578620924	3385.187051771953	0.2483883749679777	0.3112637282682764	2635.2999999523163	0.031818181818181815	0.019464720194647202	13471.0	0.9631236442516269	0.9824120603015075
purple	submissive	4910.383333351929	0.41974502781095807	0.5488263942791997	3014.1538290405183	0.21011926692385527	0.34433274228991834	2460.79999999702	0.1188118811881188	0.0170316301703163	13512.70000000298	0.9777158774373259	1.0
purple	tense	6307.8428570245	0.43097469463689464	0.5807572477025789	4922.390922778796	0.24684448895962302	0.32722827855685976	2771.5	0.09200968523002422	0.013888888888888888	20328.0	1.0	0.9637526652452025
purple	unripe	5928.699999970957	0.4802141078813714	0.3385783095250802	2603.3368107246906	0.34585802354400097	0.2451908484141933	1971.699999988079	0.013636363636363636	0.011235955056179775	10866.600000023842	0.9707112970711297	0.8923444976076556
red	active	5594.699999981094	0.680840775011292	0.5896980073950929	3484.7006713823716	0.3464540790263488	0.2917906422479834	3140.800000011921	0.022222222222222223	0.03821656050955414	15410.89999999851	1.0	0.9850107066381156
red	aggressive	4616.849999994661	0.8131511849958666	0.4937372748277515	2783.550215920123	0.31599644741151506	0.20719399568646282	2400.400000035763	0.013729977116704805	0.4875283446712018	12445.5	0.9504950495049505	1.0
red	alive	5720.2538462854345	0.6066061928818527	0.4134647247550522	2569.7837646503126	0.28684982512780355	0.2216011208691925	2524.2000007629395	0.014018691588785047	0.07242990654205607	11609.0	0.9293193717277487	0.9850746268656716
red	angry	4480.984615379693	0.719510199149296	0.5437093044680218	2484.4342645261463	0.33643177604386193	0.32543561794367953	2060.0	0.0	0.0	9687.299999952316	0.9900990099009901	1.0
red	calm	5861.692307664726	0.5215703446481826	0.5115036141764157	3370.395078844418	0.31919301912957593	0.3529403331343174	2341.89999999851	0.01834862385321101	0.0024096385542168677	12430.0	0.9818181818181818	0.9462915601023018
red	clean	4922.092307675486	0.291455811031377	0.4386187463616765	3911.395957857559	0.2257871960543307	0.3447654853532979	1916.300000000745	0.03560830860534125	0.0	16277.0	0.9450980392156862	0.8944723618090452
red	cold	5548.715384637937	0.36976594074104435	0.49718248393616504	4097.3829828406415	0.2245456118745635	0.37730229279840305	1894.0999999977648	0.0	0.0021598272138228943	18199.0	0.9327548806941431	0.9586374695863747
red	dead	4430.907142793095	0.5888888045826504	0.5079420045773058	1120.0222177772703	0.30146747474216584	0.24198673328990145	3009.79999999702	0.03271028037383177	0.006944444444444444	6212.299999952316	0.9855072463768116	0.9850746268656716
red	dirty	3915.6923076851435	0.2732449840972163	0.3998993920920378	2306.3296806333115	0.23141735132417843	0.33598474986408045	1921.10000000149	0.04154302670623145	0.012958963282937365	11102.5	0.8705882352941177	0.9422110552763819
red	dislike	5290.169230760863	0.5779447638804914	0.5689330024353059	2470.018814486383	0.3206546904116614	0.29787056314032256	1787.0	0.01647058823529412	0.045454545454545456	10572.5	0.9921568627450981	0.9829424307036247
red	dull	4762.026666770534	0.43419469924077364	0.625231241006838	2516.320308116057	0.3650152856791252	0.2846479024995812	2089.199999809265	0.022935779816513763	0.0	9913.399999976158	1.0	0.9309462915601023
red	exciting	5631.94666667978	0.5604241351271674	0.47943622535552843	2652.8321071417554	0.4081615717195489	0.21436253072597639	2135.0	0.014018691588785047	0.017977528089887642	10855.700000047684	0.9923469387755102	0.9386189258312021
red	fast	5950.580000023109	0.5681716707117281	0.34463856409495963	5008.8784916919585	0.3050048734652349	0.2970652474338864	2859.699999809265	0.0	0.017977528089887642	22713.80000007153	0.8492307692307692	0.9849785407725322
red	fresh	4895.138461512262	0.591085469914392	0.42553590818867093	2109.389786377658	0.3793049796924386	0.1473710718461168	2176.0	0.0	0.4738219895287958	8398.100000023842	0.9908256880733946	0.9616368286445013
red	happy	6300.976923088767	0.4344735772448645	0.4980867456046083	5210.644390758663	0.20268946876789662	0.3644716358101148	2078.599999997765	0.22321428571428573	0.0367170626349892	17264.000000000116	0.8641975308641975	1.0
red	hard	5032.433333584698	0.44906915512046586	0.603926348984452	2393.726256255059	0.3316535630796314	0.2956286614958534	2275.9000000953674	0.022935779816513763	0.0022471910112359553	10592.0	0.995	0.9462915601023018
red	heavy	5845.764285764641	0.4355876701796129	0.5881227263059514	3998.4307882389535	0.3488494372213486	0.2720627401861663	2590.5	0.012987012987012988	0.0	18305.69999998808	0.9953271028037384	0.9706601466992665
red	hot	7604.146153849621	0.6827260026478059	0.35523210616461853	6971.096448744944	0.3306337212210865	0.22527188019853828	2257.199999999255	0.0	0.4221105527638191	27340.90000000596	1.0	0.9956803455723542
red	jealous	4779.307692312564	0.5309599435192092	0.7598361816051844	2043.3374564085775	0.22197093832525153	0.286765944853455	2104.699999999255	0.39947780678851175	0.03614457831325301	8616.39999999851	1.0	0.9170854271356784
red	light	5975.985714413226	0.4016705734254577	0.4660753832164146	4931.225329935984	0.33740079469552153	0.2846213534983092	2571.800000190735	0.0	0.009259259259259259	22301.0	0.9813084112149533	0.9893390191897654
red	like	4913.476923057093	0.4377301187361564	0.46794694372175094	2555.000476904286	0.2522951834029759	0.415245433864521	1935.800000000745	0.007462686567164179	0.004319654427645789	10617.0	0.8784313725490196	0.9913793103448276
red	new	6933.6230769115855	0.40661566591897713	0.5218482445786605	4647.578293975618	0.2903117472986633	0.34924184681378884	2036.5999999977648	0.020771513353115726	0.011574074074074073	14987.299999998882	0.9935064935064936	0.9829424307036247
red	old	5487.20000002261	0.3234510063232025	0.576426006919632	2802.5425917150324	0.31086537823164473	0.2953001043863526	2152.2999999988824	0.026706231454005934	0.0	11735.0	0.9975308641975309	0.7855530474040632
red	passive	6461.658333292697	0.3310264269017188	0.49696127309347915	4643.829226681297	0.26165204476839937	0.3115249993478417	2431.599999904633	0.01818181818181818	0.0	18764.69999998808	0.8982035928143712	0.964824120603015
red	relaxed	4794.685714321876	0.45397323346862967	0.7173246650255661	3052.4476034719187	0.24145228583552852	0.25946104931268443	2794.100000143051	0.18831168831168832	0.01639344262295082	14962.399999976158	0.98068669527897	0.8714596949891068
red	ripe	5661.938461533927	0.5796612182505609	0.3165249980735186	3578.803456114441	0.3119346203870469	0.2392262403830684	3051.100000023842	0.02806122448979592	0.017977528089887642	16094.19999998808	0.9246861924686193	0.9935622317596566
red	sad	4535.053846146625	0.4151027344975163	0.5948092768502391	1273.7666227888215	0.2046502217814966	0.3739936519355846	2463.699999999255	0.28869047619047616	0.0064794816414686825	7241.0	0.9871244635193133	0.9676724137931034
red	selfless	5181.349999990004	0.34802380930131555	0.5359481785002008	2499.28210510412	0.21423207249589657	0.3586756233931541	2787.0	0.04455445544554455	0.019464720194647202	9291.89999999851	0.9409090909090909	0.9808612440191388
red	slow	6453.420000012995	0.43669650504941265	0.4502414354472427	4581.67725556648	0.3283041669465464	0.26825865773323776	2574.7000000178814	0.0	0.00936768149882904	19706.80000001192	0.9906542056074766	0.7631578947368421
red	soft	4400.873333357026	0.529186137882958	0.6092840997288014	1352.1237435122757	0.3323703144694802	0.35470219501324646	2397.5999999940395	0.009174311926605505	0.0117096018735363	7248.400000095367	0.9873096446700508	0.9978540772532188
red	stale	4835.366666652728	0.326838954821052	0.4869632706630382	1987.0913180097361	0.2327583966813661	0.26625318493451394	1939.5	0.0594059405940594	0.012165450121654502	8010.0999999996275	0.8121546961325967	0.7006802721088435
red	submissive	5500.908333355561	0.5369633790766426	0.5064977204160468	3991.9376455896413	0.2250078871733008	0.3987686051314738	2050.0	0.09900990099009901	0.019464720194647202	16459.39999999851	0.9363636363636364	0.9856459330143541
red	tense	5433.028571420092	0.6009697763518984	0.35642563713406245	2997.0713072281724	0.30083258214196074	0.2021822521246032	2438.2000002861023	0.0	0.31414868105515587	11494.0	0.7607361963190185	0.9893390191897654
red	unripe	4745.146153832069	0.5093758042410724	0.341490138683819	2180.9884302080386	0.33267534136907223	0.25302162164320235	2237.5	0.004545454545454545	0.017977528089887642	8735.100000023842	0.9414225941422594	0.832967032967033
white	active	4433.799999960854	0.4908138633897467	0.4827950871524899	2158.6407402145646	0.2542122533139476	0.36998191695718147	2336.0	0.07592190889370933	0.027600849256900213	9968.20000000298	0.9554455445544554	0.9849246231155779
white	aggressive	6165.233333311975	0.4784620482837237	0.5551717844771825	4118.579507193075	0.2791579756512655	0.3655973065479871	2541.60000000149	0.14416475972540047	0.029978586723768737	14870.0	0.972636815920398	0.9773869346733668
white	alive	5543.828571396872	0.4632072967408312	0.3491743089917114	2653.387733113808	0.30192316509039413	0.26375578320415305	2665.1000003814697	0.009685230024213076	0.017057569296375266	12634.400000035765	0.9766355140186916	0.9836065573770492
white	angry	4121.023076926859	0.5258880752749847	0.7088917265662857	1607.8344272049146	0.3370126529765702	0.3464330649437671	2355.199999999255	0.027522935779816515	0.004395604395604396	6787.900000095367	0.9934782608695653	0.9760765550239234
white	calm	5149.846153858548	0.5789638052930759	0.5116346596095489	2871.8944591035925	0.3868870742262069	0.2582638836622063	2016.5	0.016574585635359115	0.015730337078651686	10726.900000035765	0.9640718562874252	0.9914163090128756
white	clean	4812.900000003381	0.7401340777268872	0.3008992773677198	2671.010921907785	0.2717325703946778	0.2166288987333703	2318.10000000149	0.026706231454005934	0.475	12453.60000000149	0.8980392156862745	1.0
white	cold	6207.87692308082	0.6649018834228191	0.48924355513007856	3851.3363484045612	0.3023785664392258	0.329900157981135	2210.5999999996275	0.0	0.017278617710583154	14836.5	0.9457700650759219	1.0
white	dead	5727.985714102762	0.5459112081476124	0.5171296497082097	2573.1912397653996	0.3673733610355237	0.33153064838649293	2732.8999996185303	0.008368200836820083	0.00936768149882904	9961.300000000743	0.985	1.0
white	dirty	4798.61666667896	0.33746630433834207	0.2994021903736929	3511.702638014317	0.21804681180149832	0.3252167029614823	2222.5	0.01990049751243781	0.009732360097323601	15081.89999999851	0.5136986301369864	0.9246231155778895
white	dislike	4304.2307691928	0.4574037989377588	0.567516562050489	1370.7192524234465	0.22179618952142338	0.3835145033341737	2181.60000000149	0.23809523809523808	0.019438444924406047	6674.0	0.9061728395061729	0.9850746268656716
white	dull	4649.313333328286	0.5728945032155849	0.4993487573875289	1884.6899294375748	0.3664285719747023	0.3431250722715363	2087.5	0.00966183574879227	0.017167381974248927	9401.0	0.995	0.9782135076252724
white	exciting	4990.646666690055	0.47642616495533374	0.5637973372537471	2202.5167470731153	0.36712814303994457	0.26866375020092853	2350.600000023842	0.029288702928870293	0.011235955056179775	9849.300000000743	0.995	0.9386189258312021
white	fast	6246.9733333480235	0.5866808828344857	0.3960107503233863	3593.072393256407	0.30211697335210114	0.3335380247162538	2647.0	0.02092050209205021	0.015021459227467811	15682.099999964235	0.985981308411215	0.9803921568627451
white	fresh	5215.807692313316	0.6245648905285088	0.3982452129066443	2480.335933698953	0.32363259958304985	0.1918271138848452	2501.7999999821186	0.01485148514851485	0.43333333333333335	10267.100000000091	1.0	0.98068669527897
white	happy	6997.7769230629965	0.46013302302525333	0.5065606293327698	6270.484264550938	0.24640248795607314	0.33700973165960973	2316.0	0.012987012987012988	0.01511879049676026	22202.39999999106	0.8274509803921568	0.9892241379310345
white	hard	4825.426666625279	0.5107408310254755	0.596613708393681	2715.8122267219774	0.30520458606638556	0.32490026170152886	2225.5	0.022935779816513763	0.020224719101123594	10906.400000035765	0.99	0.9914163090128756
white	heavy	5075.450000101434	0.5176937395583344	0.6831082152221227	3065.6503231375877	0.2148117617332982	0.34223022016136334	2666.200000047684	0.4717514124293785	0.013888888888888888	14355.70000000298	0.9906542056074766	1.0
white	hot	5942.961538425146	0.545334545472593	0.5906545731120919	3650.75756148435	0.31442493798986115	0.30026841728308085	2098.199999999255	0.017804154302670624	0.09978768577494693	15882.900000000373	0.9761904761904762	0.9975669099756691
white	jealous	5983.115384604209	0.3933181903499708	0.6041785880921121	4034.495243280717	0.21208477092866643	0.39207364884547846	2617.5	0.3201320132013201	0.029723991507430998	16184.89999999851	0.9196428571428571	0.9678800856531049
white	light	4837.142857081523	0.6625031128757534	0.25006292984057854	1402.818375098811	0.3053516496500197	0.21145394502123221	3130.599999904633	0.0	0.4889380530973451	7548.0999999996275	0.985981308411215	0.9850746268656716
white	like	4957.415384618709	0.5719595568139133	0.5314157359690371	2020.077669642048	0.28026703911868484	0.2975635079200242	2900.0999999996275	0.1141552511415525	0.013888888888888888	9673.0	0.9436201780415431	0.9808102345415778
white	new	5910.6307692171	0.7324866244488343	0.41016945818433204	3450.1943871368803	0.2898106335141763	0.18821125358981267	2258.5	0.002352941176470588	0.468682505399568	15508.39999999851	0.854978354978355	0.9808102345415778
white	old	6664.9923076953455	0.4453743051742408	0.3977518645603309	5467.2717636343095	0.23702998646764425	0.35062680462142093	2720.300000000745	0.015151515151515152	0.019438444924406047	19529.0	0.8273809523809523	0.9808102345415778
white	passive	5393.024999993698	0.5651334368183637	0.5091575219766603	2478.19692119813	0.3225961453389863	0.24745051450701472	3029.800000011921	0.0594059405940594	0.006369426751592357	11134.59999999404	0.982051282051282	0.9748743718592965
white	relaxed	4132.492857110687	0.6651571534787405	0.5296078142482431	1292.6974763367648	0.3703268150489061	0.18294017729388734	1972.20000000298	0.009411764705882352	0.48426150121065376	6903.0	0.9906542056074766	0.9477124183006536
white	ripe	5316.361538453565	0.44670214091821464	0.39920812446475384	3036.844051943135	0.3153600619461023	0.28155602080627895	2317.5	0.04128440366972477	0.017167381974248927	11627.299999952316	0.9497907949790795	0.8879120879120879
white	sad	6204.376923083395	0.38425143207034307	0.60448552731402	4315.284434834328	0.23972690075313197	0.3458222137701108	3164.5	0.17857142857142858	0.0021598272138228943	19200.99999999994	0.9849785407725322	0.9806034482758621
white	selfless	5038.100000023698	0.42507218038489414	0.569221849998083	2770.580546557073	0.24882662575205905	0.36452442941410335	2304.79999999702	0.04691358024691358	0.02335456475583864	10059.0	0.9702380952380952	0.959051724137931
white	slow	5226.653846146861	0.40503348942921097	0.3351064842109176	3086.7127151812083	0.24500981390482815	0.25933940782257453	2886.899999976158	0.022935779816513763	0.008988764044943821	11760.30000001192	0.7265193370165746	0.8229665071770335
white	soft	6011.133333333737	0.6120304726431862	0.4999639837433854	3457.290596690965	0.3953585881476534	0.2550006297980996	2135.0	0.0	0.01348314606741573	14186.700000286102	0.9782608695652174	1.0
white	stale	5084.083333354753	0.32576356695018593	0.372092686877304	3237.292161886203	0.2648529490257112	0.2178617225491459	2054.89999999851	0.019801980198019802	0.012165450121654502	12777.5	0.8787185354691075	0.5804988662131519
white	submissive	5315.916666666822	0.5969154150837921	0.5612387838989056	3246.350946893845	0.27186388704116626	0.2863188509366595	2395.300000000745	0.054455445544554455	0.03397027600849257	14203.30000000447	0.9800995024875622	0.9978586723768736
white	tense	5624.9999999614165	0.522242088089299	0.5946449234924174	2667.1771733394476	0.20513433756668548	0.34380821392130295	2851.0	0.22760290556900725	0.0117096018735363	13597.600000023842	0.9906542056074766	0.9912854030501089
white	unripe	5488.707692319671	0.4904295716776984	0.35961711735852614	4563.981834861381	0.3262345114669844	0.23722327425131193	2223.199999999255	0.024752475247524754	0.015021459227467811	18135.69999998808	0.9456066945606695	0.8205741626794258
yellow	active	8322.008333355188	0.4764170040991447	0.46478216182670723	4069.784847447394	0.2777396093407594	0.3650837121126483	2746.0	0.014925373134328358	0.007389162561576354	14183.80000001192	0.9158415841584159	0.9522613065326633
yellow	aggressive	6692.008333298378	0.4786407603533567	0.4728826216040369	3405.954167880907	0.2923831171464852	0.34585503214933266	2112.39999999851	0.010443864229765013	0.0	13627.69999998808	0.9603960396039604	0.9607329842931938
yellow	alive	6523.0785717268345	0.5106264247739365	0.398280874635404	4650.226940365236	0.29829067590505565	0.24316160292253983	2248.8999996185303	0.014018691588785047	0.004629629629629629	17823.699999809265	0.9570815450643777	0.9891067538126361
yellow	angry	4096.5153846153635	0.5440560740918636	0.6284948702941503	1464.3527346302426	0.3166059114428716	0.37360272232848635	2752.899999976158	0.009174311926605505	0.008791208791208791	7138.5	0.95	1.0
yellow	calm	5774.361538474126	0.47831685183568873	0.4509970476854968	4561.797609780103	0.30899069939436874	0.2584396890381923	2404.800000011921	0.009174311926605505	0.011235955056179775	19774.69999998808	0.9171270718232044	0.8995215311004785
yellow	clean	6381.0692307705485	0.39871671112246976	0.429803438062228	4924.505116655423	0.21044750049451375	0.3963320268486616	1860.5	0.017804154302670624	0.0	18944.79999999702	0.8470588235294118	0.9698492462311558
yellow	cold	7255.269230747739	0.3514747536737394	0.5436727513084383	6117.666886208655	0.25989010456314976	0.36342106778443845	2252.599999997765	0.03560830860534125	0.01511879049676026	22397.0	0.980246913580247	0.9798994974874372
yellow	dead	6258.900000071685	0.495312520936773	0.6340770997679688	5881.639442914306	0.3295460381206802	0.22745689679351327	2306.699999809265	0.03389830508474576	0.009259259259259259	22408.70000000298	0.9849785407725322	0.7843137254901961
yellow	dirty	4633.823076919581	0.5324498830593299	0.3896660373752669	3008.209610981131	0.31452730322228584	0.24165839968714364	2331.0	0.022388059701492536	0.183585313174946	12703.89999999851	0.980246913580247	0.9597989949748744
yellow	dislike	5003.323076914709	0.43469710718357824	0.5625469319244142	3238.8829574344572	0.24227322911632201	0.33853477637388046	1923.199999999255	0.19733333333333333	0.013888888888888888	12845.0	1.0	1.0
yellow	dull	5077.893333360149	0.4738988355331831	0.5690672257289126	3320.57449982838	0.3091595554074356	0.353141004759638	2223.199999809265	0.0041841004184100415	0.017167381974248927	14686.5	0.955	0.9373493975903614
yellow	exciting	4827.18000009451	0.5399019570427174	0.44299075714657665	2648.066125580679	0.3289514101561959	0.31850024236853824	2206.4000000059605	0.02030456852791878	0.01927710843373494	12145.900000035765	0.9112149532710281	1.0
yellow	fast	4997.593333139084	0.47967833697644674	0.3652679187067178	1973.812796834596	0.24378288216399166	0.30398018817203065	2795.800000000745	0.0	0.01348314606741573	10342.900000035765	0.9485981308411215	0.9828326180257511
yellow	fresh	4888.461538446171	0.5449144651327418	0.39640760839087086	2913.4596895413674	0.33614099684119614	0.2883102539599549	2245.600000023842	0.011049723756906077	0.015730337078651686	13151.0	0.955	0.9849785407725322
yellow	happy	5629.423076943571	0.6589603388170212	0.4971363575549559	4159.674666396517	0.26237014757700355	0.32473923281504535	2353.4000000003725	0.064	0.017278617710583154	18124.0	0.935064935064935	0.9953703703703703
yellow	hard	5052.606666563203	0.566810456454782	0.5633134926894121	2090.9031653280076	0.3016004808588039	0.3401433457864087	2212.099999997765	0.027522935779816515	0.01639344262295082	9950.399999976158	0.9854721549636803	0.9957081545064378
yellow	heavy	4830.928571439481	0.4375457961471952	0.6148373988995698	1560.4243788899314	0.2570137311536562	0.3131140260098068	2686.099999904633	0.24458874458874458	0.013071895424836602	7753.5	0.9923857868020305	0.9242053789731052
yellow	hot	6759.930769226586	0.44076055265482356	0.38202515732852516	6858.499417438006	0.24358637791204318	0.32825926898316704	2387.4000000003725	0.022222222222222223	0.0367170626349892	28358.0	0.9544468546637744	0.9611231101511879
yellow	jealous	5193.353846125591	0.40099984669349575	0.6210652837304096	2192.742517418414	0.27192125028720393	0.34078631492800543	1890.800000000745	0.14320987654320988	0.023758099352051837	9642.0	1.0	0.9623115577889447
yellow	light	4107.62142836369	0.5838610977358255	0.2772645372810514	1199.2943953450135	0.28618750167592255	0.17521053834235173	2253.599999904633	0.009411764705882352	0.35251798561151076	6238.899999976158	0.9891774891774892	0.9584352078239609
yellow	like	5049.461538447497	0.45247035430087096	0.5011717211723705	4753.52486802987	0.21215128994700502	0.3613774325856935	2397.0	0.09523809523809523	0.011574074074074073	20603.0	0.8863636363636364	0.978448275862069
yellow	new	4193.584615395472	0.462610034594623	0.5024323262343674	1507.8118045851588	0.2873042018757578	0.34572849344812034	2016.0	0.012987012987012988	0.0	7109.5	0.9098039215686274	0.976545842217484
yellow	old	6622.866666662817	0.4867504062478705	0.36310036414330277	5936.586646819643	0.23681312408228944	0.3058251895576034	2274.0	0.0	0.019438444924406047	23190.0	0.8196078431372549	0.8888888888888888
yellow	passive	6862.716666680605	0.45944806463559945	0.49120054598004953	6558.922712646407	0.2858127641550937	0.33150628730545006	2402.699999988079	0.0297029702970297	0.03184713375796178	24693.79999999702	0.9545454545454546	0.9784688995215312
yellow	relaxed	4553.435714206118	0.4523616388642145	0.573622683916476	1637.486424787341	0.2559540252858991	0.31389552025004375	2304.800000190735	0.15736040609137056	0.020833333333333332	8522.300000011921	0.985981308411215	0.9070904645476773
yellow	ripe	4414.300000009557	0.5378520261280056	0.39271842313699246	2789.7154786305173	0.3162465055061455	0.2640490947377809	2053.800000011921	0.022935779816513763	0.017977528089887642	11424.600000023842	0.9665271966527197	0.9935622317596566
yellow	sad	7611.6846153863635	0.3076184317350687	0.5656872119140308	4417.446063408398	0.17358636081475468	0.3466102924115564	2643.0	0.26785714285714285	0.0	18845.0	0.8968481375358166	0.9870689655172413
yellow	selfless	4586.466666656546	0.48271308429121035	0.672932137393753	1775.8690289236397	0.20559544214339798	0.3800254322749651	2272.5	0.40992167101827676	0.021231422505307854	8121.10000000149	0.9504950495049505	0.9397905759162304
yellow	slow	5094.730769216227	0.557940954595824	0.4677890173959536	2591.152345776949	0.3417530363560794	0.2767956750727967	2019.399999976158	0.009900990099009901	0.011235955056179775	10869.5	1.0	0.9686746987951808
yellow	soft	5685.359999968205	0.5294062625883484	0.4517404964922689	2950.2557988368735	0.3669761284934287	0.308813849343288	2229.4000000953674	0.006521739130434782	0.00936768149882904	11655.5	0.985	0.9782135076252724
yellow	stale	4509.725000008631	0.5183678788183873	0.45612687085495723	2013.8961217826654	0.307092186294175	0.3082344231375273	1955.7999999523165	0.013636363636363636	0.040339702760084924	8843.0	1.0	0.9655963302752294
yellow	submissive	5355.508333350842	0.4821200507768024	0.5810444656000411	2933.52583498156	0.3197297516636591	0.28258978371000026	2603.099999997765	0.0	0.029723991507430998	12888.100000023842	0.9454545454545454	0.9712918660287081
yellow	tense	4966.478571302922	0.41467605198609575	0.6558862778802071	2414.0149688871297	0.26773827272695483	0.3196360373286802	2590.9000000953674	0.20558375634517767	0.007009345794392523	10209.0	0.9766355140186916	0.9467312348668281
yellow	unripe	4614.5846154005985	0.4742758613143189	0.4615667107722569	2184.027245307094	0.36411802765802387	0.22227039937693832	2249.89999999851	0.01485148514851485	0.017977528089887642	10432.800000190737	0.9790794979079498	0.8157894736842105
